Nama Satuan Pendidikan,NPSN,Bentuk Pendidikan,Status Sekolah,Alamat,Desa,Kecamatan,Lintang,Bujur,PD_L,PD_P,PD_Total,Guru,Tendik
AL ALIM,69836400,SPS,Swasta,RAJAMANDALA RT. 03 / 12,Mandalamukti,Cikalongwetan,-5.443757000000,114.421127000000,18,16,34,3,2
Al Amanah,69836136,SPS,Swasta,Kp. Weninggalih,Weninggalih,Sindangkerta,-7.018891000000,107.382483000000,18,13,31,1,1
AL AMIN RANCASUNI,69836411,SPS,Swasta,KP. SANCANG RT. 02 / 14,Cisomang Barat,Cikalongwetan,-6.757287800000,107.483078800000,21,22,43,2,2
AL BAROKAH,69835961,KB,Swasta,KP. TONJONG RT. 02/02,Nyalindung,Cipatat,-6.828969200000,107.344332400000,39,17,56,2,1
AL BASYAR,69835812,KB,Swasta,CIKABODAS RT. 01 /01,Tamanjaya,Gununghalu,-7.019841700000,107.350633200000,0,0,0,1,1
AL FAJRI,69836110,SPS,Swasta,KP. LAMPEGAN,Sukamanah,Rongga,-6.995022600000,107.226401100000,10,10,20,1,1
AL FIKRI,69836391,SPS,Swasta,CIPARE RT. 02 / 08,Cipada,Cikalongwetan,-6.775000000000,107.506900000000,10,7,17,1,2
Al Firdaus,69835963,KB,Swasta,Kp. Cimentang Rt. 02 /07,Nyalindung,Cipatat,-6.789300000000,107.445400000000,9,14,23,4,1
AL FURQON,69836396,SPS,Swasta,KP. PANGHEOTAN RT. 01 / 16,Mandalamukti,Cikalongwetan,-6.733358700000,107.405643000000,12,16,28,3,1
AL HIDAYAH,69836160,SPS,Swasta,SUKAMANAH RT 01 RW 05,Bongas,Cililin,-6.957300000000,107.423400000000,19,13,32,3,1
AL HIKMAH,69835825,KB,Swasta,CIMANTAR,Cintakarya,Sindangkerta,-6.990600000000,107.402300000000,9,19,28,2,1
AL HUDA,69835770,KB,Swasta,GENGGONG,Cinengah,Rongga,-6.963818000000,107.281817000000,3,0,3,2,1
AL HUDA,69836383,SPS,Swasta,BONGKOK Rt. 03/15,Mekarjaya,Cikalongwetan,-6.770293000000,107.472730000000,11,8,19,1,1
AL IKHLAS,69836059,KB,Swasta,SUKALUYU,Puteran,Cikalongwetan,-6.772941200000,107.490304400000,10,15,25,4,1
AL IKHSAN,69836077,KB,Swasta,BOJONG RT. 02 RW. 04,Bojongmekar,Cipeundeuy,-6.777659600000,107.355348900000,10,19,29,2,1
AL IKHWAN,69835852,KB,Swasta,CIBAREGBEG,Bongas,Cililin,-6.956338000000,107.423249000000,8,8,16,2,2
AL INAYAH II,69835735,TK,Swasta,KOMP. PADASUKA INDAH II C NO. 25,Gadobangkong,Ngamprah,-6.851231900000,107.507525600000,11,15,26,3,2
AL ISTIQOMAH,69835831,KB,Swasta,SUKAJADI,Cicangkang Girang,Sindangkerta,-6.996846800000,107.405198300000,22,18,40,2,0
AL JABAAR,69835943,KB,Swasta,KP. NYOMPLONG,Cipatat,Cipatat,-6.834666200000,107.406850800000,3,0,3,1,1
AL JIHAD,69836382,SPS,Swasta,KP. PANGLESERAN RT. 03 / 09,Mandalasari,Cikalongwetan,-6.759695000000,107.433087000000,15,10,25,3,1
AL MAJIDIYYAH,69891506,KB,Swasta,GOMBONG RT. 03 /03,Budiharja,Cililin,-6.940983000000,107.440774000000,10,7,17,3,0
AL MUSRI I,69836148,SPS,Swasta,Kp. Kubang Rt 03/06,Puncaksari,Sindangkerta,-6.960700000000,107.448000000000,33,32,65,3,1
AL Mutmainah,69836146,SPS,Swasta,Kp. Babakan Jati,Cicangkang Girang,Sindangkerta,-7.018400000000,107.384300000000,14,17,31,3,2
AL MUZAYYIN,69835977,KB,Swasta,KP. KUTALAKSANA RT. 03 /02,Mandalawangi,Cipatat,-6.842408000000,107.324924000000,13,8,21,3,0
AL WASILAH,69836407,SPS,Swasta,PINANGSIANG RT. 02 / 13,Rende,Cikalongwetan,-6.762071300000,107.449933200000,15,8,23,2,2
AL-ALIF,69836398,SPS,Swasta,WARUNGDOMBA RT 01 RW 07,Mandalamukti,Cikalongwetan,-6.738259000000,107.438307000000,13,7,20,1,1
Al-AMANAH,69835957,KB,Swasta,Kp.Cigintung Rt.01 / 21,Gunungmasigit,Cipatat,-6.859327300000,107.419033100000,22,31,53,1,1
AL-ANSHORI,69891451,TK,Swasta,CINEMRANG,Bojong,Rongga,.000000000000,.000000000000,6,9,15,3,0
AL-FURQON,69835867,KB,Swasta,SAAR MUTIARA NO.92 RT 02 RW 06,Karangtanjung,Cililin,-5.438612000000,114.434639000000,2,1,3,4,2
AL-FURQON,69836386,SPS,Swasta,CIPADAGIRANG RT 01 RW 01,Mekarjaya,Cikalongwetan,-6.754100000000,107.458500000000,33,22,55,2,2
AL-HIDAYAH,69836091,KB,Swasta,Cijati RT 02 RW 14,Jatimekar,Cipeundeuy,-6.775043100000,107.392573100000,22,17,39,2,1
AL-HIDAYAH CIPETIR,69891504,KB,Swasta,CIPETIR RT 03 RW 02,Cililin,Cililin,-6.954599000000,107.458340000000,8,7,15,1,1
AL-IKHLAS,69836153,SPS,Swasta,KP. MANAPA DESA KARANGTANJUNG,Karangtanjung,Cililin,-6.949500000000,107.466900000000,18,10,28,0,1
AL-JIHAD,69835874,KB,Swasta,KP.CIMONYET RT 05 RW 06,Karanganyar,Cililin,-6.996197000000,107.447994200000,21,15,36,5,0
AMAL SALEH,69891494,KB,Swasta,PASIR MUNCANG,Cicangkang Girang,Sindangkerta,-6.994800000000,107.382000000000,9,15,24,3,1
AN NISA,69835742,TK,Swasta,BLOK H-I NO. 44,Cilame,Ngamprah,-6.835015400000,107.498160600000,9,12,21,1,2
AN NUR CIKANDE,69888171,TK,Swasta,KP. CIKANDE RT. 02 / 07,BOJONG HALEUANG,Saguling,-6.884606000000,107.393507800000,22,24,46,4,2
ANGGREK,69836390,SPS,Swasta,PASIR MALANG RT. 03 / 04,Cipada,Cikalongwetan,-6.707013800000,107.407921700000,12,9,21,2,1
ANNISA,69835860,KB,Swasta,JL.RAYA PASAR LAMA NO. 35 RT. 02 / 02,Cililin,Cililin,-6.950400000000,107.456300000000,5,10,15,1,2
ANUGRAH,69836087,KB,Swasta,KP. CINANGKA RT. 01 RW. 09,Margalaksana,Cipeundeuy,-6.728600000000,107.339400000000,9,12,21,2,1
AR RAUDHAH,69835956,KB,Swasta,KP. CIHALIMUN RT 01 RW 19,Gunungmasigit,Cipatat,-5.443757000000,114.421127000000,13,15,28,3,0
AR ROHMANIAH,69835877,KB,Swasta,PASIR GEPENG RT. 03 / 01,Karanganyar,Cililin,-6.925300000000,107.391200000000,25,26,51,2,0
AR ROZAQ,69835833,KB,Swasta,KP. SINDANGWARGI RT 02/12,Cicangkang Girang,Sindangkerta,-7.034452800000,107.430369500000,17,11,28,3,1
AR-ROHMAH,69836154,SPS,Swasta,KP. PASIR SEREH,Mukapayung,Cililin,-6.988302000000,107.449422000000,3,5,8,2,1
AS - SYIFA,69835780,KB,Swasta,Kp.Tegalaja RT.03/10,Celak,Gununghalu,-7.041317200000,107.307453700000,14,15,29,4,0
AS SALAM,69835871,KB,Swasta,CILEDUG RT. 01 / 01,Budiharja,Cililin,-6.945182000000,107.444873000000,18,24,42,4,2
ASMAUL HUSNA,69836152,SPS,Swasta,PASIRKARAMAT RT. 03 /12,Nanggerang,Cililin,-7.007681000000,107.444693000000,0,0,0,0,1
Assaadah,69835856,KB,Swasta,Leuwinutug,Batulayang,Cililin,-6.983297000000,107.452565000000,29,16,45,5,0
Asy-Syirojudin,69835855,KB,Swasta,Citiis,Batulayang,Cililin,-6.969498000000,107.443249000000,15,18,33,3,3
AT TOYYIBAH,69835873,KB,Swasta,KP. CIMALIK RT. 06/ 03,Karanganyar,Cililin,-6.934770000000,107.399483000000,17,15,32,0,2
AT-TARMIDJI,69836159,SPS,Swasta,BONGAS RT 04 RW 03,Bongas,Cililin,-6.956759000000,107.430539000000,17,12,29,0,1
ATH THOHIRIYAH,69835848,KB,Swasta,JLN. CIJENUK KP. WARUNG AWI RT. 01 / 07,Bongas,Cililin,-5.443757000000,114.421127000000,9,11,20,2,1
AWWALUSSALAAM,69836164,SPS,Swasta,CINANGSI RT.02 RW.02,Karangtanjung,Cililin,-6.951400000000,107.461100000000,15,8,23,5,1
AZ ZAHRA,69835958,KB,Swasta,GUNUNG MASIGIT,Gunungmasigit,Cipatat,-6.813857300000,107.445874500000,14,6,20,1,1
BAABUSSALAM,69836285,SPS,Swasta,Kp. Kebon Kalapa Rt 02/02,Cimareme,Ngamprah,-6.865478000000,107.503366000000,24,22,46,2,0
BAETURRAHMAN,69835861,KB,Swasta,KAUM,Cililin,Cililin,-6.951753000000,107.455124000000,19,24,43,6,1
BAHRUL ULUM,69836410,SPS,Swasta,Cisomang Hilir Rt. 02/02,Tenjolaut,Cikalongwetan,-6.720623000000,107.445659000000,31,26,57,5,1
BAMBIM MUTIARA,69836165,SPS,Swasta,SAAR MUTIARA II NO. 14 RT 01/07,Karangtanjung,Cililin,-7.019039900000,107.462066400000,15,7,22,3,1
BELA PERSADA,69835843,KB,Swasta,GEMBONG RT. 04/ 12,Rancapanggung,Cililin,-6.928500000000,107.393300000000,28,32,60,1,0
BINA GUNA,69836421,SPS,Swasta,JL. RAYA CIPEUNDEUY,Cipeundeuy,Cipeundeuy,-6.589837000000,107.393589000000,13,18,31,3,1
BINA MULIA MANDIRI,69835741,TK,Swasta,Jl. Raya Permata Blok P 8 No. 12 A,Tanimulya,Ngamprah,-6.861206000000,107.518701000000,13,13,26,1,1
BOUGENVILLE,69836417,SPS,Swasta,KP. SUKAJADI RT 01 RW 01,Wangunjaya,Cikalongwetan,-6.726000000000,107.468300000000,20,25,45,4,1
BOUGENVILLE,69836394,SPS,Swasta,Kp. Kadupugur Rt. 03/10,Ganjarsari,Cikalongwetan,-6.742161000000,107.497999000000,1,8,9,1,1
BUDI LUHUR,69836056,KB,Swasta,KP.CIGINTUNG RT. 03 / 01,Ciptagumati,Cikalongwetan,-6.786304700000,107.452550200000,20,18,38,1,1
BUNDA PERTIWI,69835933,KB,Swasta,KP. SUKAATI RT. 02/05,Rajamandala Kulon,Cipatat,-6.814531200000,107.362906700000,19,22,41,2,2
BUNGA NUSANTARA,69836043,KB,Swasta,JAYAGIRI NO. 63 RT.01 /XI,Jayagiri,Lembang,-6.804043000000,107.620620000000,15,16,31,2,1
CAHAYA IBU,69891534,KB,Swasta,KP. CIPANJAK  NO. 2 RT. 04 / 11,Cigugur Girang,Parongpong,-6.838456000000,107.585077000000,0,0,0,1,1
CANDRA KIRANA,69836125,SPS,Swasta,PASIR GOMBONG,Cibitung,Rongga,-6.996001500000,107.196801800000,18,27,45,3,1
CEMARA,69891493,KB,Swasta,Kp. Pangkalan Desa Cikadu,Wangunsari,Sindangkerta,-5.443757000000,114.421127000000,14,15,29,1,1
CIPTA MANDIRI,69836108,SPS,Swasta,KP. PASIR MALANG RT. 01 / 12,Cibedug,Rongga,-6.952812100000,107.238827400000,8,13,21,3,1
CITATAH ENDAH,69835952,KB,Swasta,KP. CIKATOMAS RT. 01 RW. 07,Citatah,Cipatat,-6.828517000000,107.409811000000,6,8,14,2,1
DAARUL MUTTAQIN,69836138,SPS,Swasta,SINDANGKERTA,Cintakarya,Sindangkerta,-6.980336200000,107.404357100000,13,16,29,1,1
DAHLIA,69836409,SPS,Swasta,Kp. Rende kidul Rt. 04/12,Rende,Cikalongwetan,-6.738500000000,107.394400000000,23,21,44,2,0
DARUL WAHAB,69836404,SPS,Swasta,KP. LAPANG RW. 04,Cikalong,Cikalongwetan,-6.729900000000,107.428600000000,24,22,46,2,1
DAYANG,69836240,SPS,Swasta,KP. JALAN CAGAK RT 04 RW 04,Baranangsiang,Cipongkor,-6.970580400000,107.323639400000,11,11,22,2,2
DEWI ENDAH,69835851,KB,Swasta,KP.SUKA MULYA RT 01 RW 06,Bongas,Cililin,-6.955214000000,107.418512000000,6,14,20,4,1
FAJAR HARAPAN,69836238,SPS,Swasta,JL. PLTA SAGULING,Baranangsiang,Cipongkor,-6.963022300000,107.307858500000,12,15,27,2,1
HARAPAN BUNDA,69836384,SPS,Swasta,CINEGLA Rt. 01/07,Mekarjaya,Cikalongwetan,-6.780766000000,107.466833000000,13,18,31,2,2
HARAPAN BUNDA,69836393,SPS,Swasta,Kp. Bojongsero RT. 02 RW. 04,Ganjarsari,Cikalongwetan,-6.737691000000,107.485830000000,21,13,34,1,1
HARAPAN BUNDA II,69836385,SPS,Swasta,KP. CIPEUTEUY RT. 01 RW.05,Mekarjaya,Cikalongwetan,-6.773865000000,107.482810000000,17,18,35,2,1
HARAPAN IBU,69835944,KB,Swasta,NYOMPLONG,Cipatat,Cipatat,-6.842655600000,107.349922900000,45,34,79,3,1
HARAPAN IBU,69891550,SPS,Swasta,Kp. Cimanyar,Cinengah,Rongga,-6.996368700000,107.273964600000,20,18,38,3,1
HARAPAN MULYA,69835947,KB,Swasta,KP. KARANG MULYA RT 02 RW 01,Citatah,Cipatat,-6.852622400000,107.335556400000,18,15,33,1,1
HARAPAN PERTIWI,69836015,KB,Swasta,KP. TAMIANG RESIK,Gadobangkong,Ngamprah,-6.868793000000,107.523262000000,4,7,11,1,2
HIDAYATUL MA RIFAH,69836114,SPS,Swasta,SINDANG RESMI RT. 01 / 01,Bojong,Rongga,-6.998912600000,107.192211600000,18,32,50,2,1
HIKMAH,69836079,KB,Swasta,BOJONG RR. 02 RW. 01,Bojongmekar,Cipeundeuy,-6.750021000000,107.361574000000,20,18,38,2,1
IAP MANDIRI,69891520,KB,Swasta,CIBIHBUL,Gunungmasigit,Cipatat,-6.831127000000,107.433082000000,11,15,26,2,1
INSAN CENDIKIA,69835926,KB,Swasta,GALANGGANG,Galanggang,Batujajar,-6.926184500000,107.521830100000,9,12,21,2,0
ISTIQOMAH,69835847,KB,Swasta,JL. RAYA RANCA PANGGUNG,Rancapanggung,Cililin,-6.982300000000,107.427800000000,19,12,31,2,1
KB ADE IRMA SURYANI,69976866,KB,Swasta,KP. PARATAG RT 02 RW 07,Jambudipa,Cisarua,-6.806289700000,107.558078200000,17,26,43,2,0
KB ADZ DZIKRO,69836037,KB,Swasta,TUGU LAKSANA RT.02 / RW.13,Pagerwangi,Lembang,-6.844900000000,107.614900000000,19,13,32,4,1
KB AL AMANAH,69835991,KB,Swasta,JL. LETKOL GA MANULANG NO. 63,Padalarang,Padalarang,-6.844900000000,107.480300000000,22,24,46,3,1
KB AL AMANAH ASSIDIQIAH,70000651,KB,Swasta,Kamp. Pareang Pintu RT.01 RW.05,Mandalasari,Cipatat,-6.842470000000,107.419152800000,25,19,44,1,1
KB AL AMINAH,69835923,KB,Swasta,Jl.Terusan Leuwigajah Kp. Cipanggulaan Rt 03/05 Ds.Giriasih,Giriasih,Batujajar,-6.897696000000,107.503506000000,11,7,18,2,1
KB AL AZHAR SYIFA BUDI PARAHYANGAN,69836012,KB,Swasta,Jl. Raya Cimareme No. 340 RT.01 RW.01,Cimareme,Ngamprah,-6.860000000000,107.500000000000,12,9,21,2,0
KB AL BAROKAH,69835981,KB,Swasta,PERUM LAKSANA MEKAR ASRI,Laksanamekar,Padalarang,-6.847164300000,107.445324600000,11,8,19,2,1
KB AL BAROKAH,69929249,KB,Swasta,Kp. Cisereh Rt.02 Rw.06,Cijambu,Cipongkor,-6.970701100000,107.327812500000,24,19,43,3,1
KB AL BAROKAH,69835819,KB,Swasta,Kp. Pasirnangka RT. 04 / 04,Cikadu,Sindangkerta,-7.000911000000,107.385965600000,25,34,59,3,1
KB AL BAROKAH,69932547,KB,Swasta,Kp.  Tugaran RT 02 RW 16,Nanggeleng,Cipeundeuy,-6.747800000000,107.348600000000,15,13,28,2,1
KB AL BASYARI LEBAKSARI,69924125,KB,Swasta,Kp. Lebaksari Rt.01 Rw.02,Mekarsari,Ngamprah,-6.843604000000,107.498890000000,21,15,36,2,1
KB AL FAATHIR,69932551,KB,Swasta,Kp. Legok Asem Rt.01/02,Sirnagalih,Cipeundeuy,-6.795316400000,107.368410700000,22,14,36,2,1
KB AL FALAH,69835834,KB,Swasta,KP. KUBANG RT. 01 /06,Puncaksari,Sindangkerta,-6.991200000000,107.392100000000,23,25,48,4,1
KB AL HADID,69981709,KB,Swasta,Kp. Ciketa Rt 03/07,Cijambu,Cipongkor,-6.970422800000,107.351853700000,18,17,35,3,2
KB AL HASANAH,69937909,KB,Swasta,kP. Pasir Terasi Rt. 01/03,Cijambu,Cipongkor,-6.946607600000,107.391041400000,17,18,35,4,2
KB AL HASANAH,69836005,KB,Swasta,Kp. Cikamuning RT.03 RW.01,Tagogapu,Padalarang,-6.815127000000,107.474218000000,24,28,52,2,1
KB AL HIDAYAH,69970270,KB,Swasta,Kp. Jaura Rt 03/06 Ds. Cijenuk,Cijenuk,Cipongkor,-6.915002200000,107.359595400000,4,8,12,1,1
KB AL HUDA,69836003,KB,Swasta,JL. RAYA PURWAKARTA NO. 422,Tagogapu,Padalarang,-6.810024000000,107.465392000000,24,30,54,2,1
KB AL IKHLAS,69986758,KB,Swasta,KP. CINTA KARYA RT 02 RW 05,Citapen,Cihampelas,-6.943400000000,107.497500000000,47,36,83,3,1
KB AL IMAN,69836009,KB,Swasta,Jl. Raaya Purwakarta KP. Muara Cipada,Cempakamekar,Padalarang,-6.803986000000,107.450758000000,9,10,19,2,0
KB Al Istila,69966371,KB,Swasta,Kp. Sukasirna Rt 02 Rw 02,Girimukti,Cipongkor,-6.939713000000,107.355682200000,17,10,27,2,1
KB AL ISTIQOMAH,69835769,KB,Swasta,Kp. Cikawung RT.03 RW.10,Sukamanah,Rongga,-6.994100000000,107.286200000000,25,27,52,5,1
KB Al KAROMAH,69835866,KB,Swasta,Manapa RT. 01 / 04,Karangtanjung,Cililin,-6.946064300000,107.410119100000,6,3,9,2,1
KB AL KAUTSAR,69836038,KB,Swasta,NYAMPAY RT. 01 RW. 14,Langensari,Lembang,-6.817523000000,107.648335000000,13,14,27,2,1
KB AL KHOIRIYAH,69924141,KB,Swasta,Jl. H. Ghofur Kp. Cibuntu Rt.02 Rw.09,Cilame,Ngamprah,-6.852347000000,107.525656000000,18,12,30,null,null
KB AL KHOSIM,69935220,KB,Swasta,Kp. Peusing Hilir Rt.001 Rw.004,Sindangkerta,Sindangkerta,-6.979000000000,107.416200000000,17,19,36,2,0
KB AL KOMARIAH,69932944,KB,Swasta,Jl. Raya Purwakarta Km3 Kp. Warung Awi Rt.02/07,Bojongkoneng,Ngamprah,-6.823036000000,107.480627000000,11,14,25,3,1
KB AL MAQDIS,69988892,KB,Swasta,KP. SUKASARI RT. 003 RW. 001,Cicangkang Girang,Sindangkerta,-6.999400000000,107.385100000000,34,33,67,4,2
KB AL MIRWAN,69971563,KB,Swasta,Kp. Balong Rt 01/04 Ds. Bongas,Bongas,Cililin,-6.951988000000,107.431068000000,35,29,64,5,1
KB AL MUBIN,69933615,KB,Swasta,Kp. Ciburial,Jatimekar,Cipeundeuy,-6.745800000000,107.371340000000,8,18,26,2,1
KB AL MUHAJIRIN,69835971,KB,Swasta,KP. MEDALWANGI RT. 01 RW. 13,Mandalasari,Cipatat,-6.820264000000,107.346192200000,10,4,14,3,1
KB AL MUHAJIRIN,69891485,KB,Swasta,Kp. Nyomplong RT. 01 / 11,Celak,Gununghalu,-7.017386400000,107.330249500000,8,5,13,1,0
KB AL MUSYAWARAH,69836039,KB,Swasta,POJOK GIRANG RT 003 RW 004,Cikahuripan,Lembang,-6.784427000000,107.643330600000,16,17,33,3,0
KB Al Mutaalimin,69966474,KB,Swasta,Kp. Perelas Rt 04 Rw 06,Budiharja,Cililin,-6.944702600000,107.471245100000,17,15,32,1,1
KB AL ROJA,69916604,KB,Swasta,KP. SUKAUJLAH RT.04/07,Pasirpogor,Sindangkerta,-6.973100000000,107.394700000000,15,16,31,2,2
KB AL YASIR,69968592,KB,Swasta,Kp. Mareleng Rt 01 Rw 07,Cijenuk,Cipongkor,-6.974725000000,107.375819000000,12,8,20,3,1
KB AL-ABDANI,69891508,KB,Swasta,JL. Pembangunan RT.01 RW.09,Cihampelas,Cihampelas,-6.920000000000,107.468500000000,25,25,50,3,1
KB AL-AKBAR,70040326,KB,Swasta,Kp. Cikukuk RT. 004 RW. 008,Baranangsiang,Cipongkor,.000000000000,.000000000000,11,8,19,2,1
KB AL-BAYAN,69836066,KB,Swasta,Kampung  Pasir Ucing RT 01 Rw 15,Nanggeleng,Cipeundeuy,-6.770500000000,107.353900000000,12,18,30,4,1
KB AL-FAATIH,69968994,KB,Swasta,KP NYALINDUNG RT 02 RW 12,Cirawamekar,Cipatat,-6.842093400000,107.401117200000,12,13,25,2,1
KB AL-HIKMAH,69836055,KB,Swasta,WARUNGJATI RT 03 RW 10,Ciptagumati,Cikalongwetan,-6.743000000000,107.442900000000,39,28,67,4,1
KB AL-HIKMAH,70042433,KB,Swasta,KB AL-HIKMAH,Batulayang,Cililin,.000000000000,.000000000000,18,17,35,2,1
KB Al-Hikmah,69835885,KB,Swasta,JL. Raya Citapen No 32,Citapen,Cihampelas,-6.958932800000,107.488954500000,0,0,0,1,1
KB AL-IKHLAS,69891522,KB,Swasta,KP.CIPICUNG,Rajamandala Kulon,Cipatat,-5.443757000000,114.421127000000,11,21,32,2,1
KB AL-MUTTAQIN,69836094,KB,Swasta,TUGU,Ciharashas,Cipeundeuy,-6.718475000000,107.384931000000,21,26,47,2,1
KB AL-QURO,70045314,KB,Swasta,Kp. Pasir Meong RT. 003 RW. 004,Cililin,Cililin,-6.952500000000,107.448500000000,13,13,26,2,2
KB ALHUSNA,69835889,KB,Swasta,Kp.Cisarongge Sasak Bubur RT.03 RW.10,Mekarmukti,Cihampelas,-6.933900000000,107.475600000000,36,26,62,2,3
KB ALIYYUL MUNTAHA,69971511,KB,Swasta,Kp. Cidahu Rt 02/03 Ds. Sarinagen,Sarinagen,Cipongkor,-6.951258300000,107.387523500000,23,16,39,2,1
KB AN NUUR,70000307,KB,Swasta,KP. RANCAPANGGUNG RT 04 RW 08,Rancapanggung,Cililin,-6.983100000000,107.427600000000,20,24,44,1,1
KB ANAK MULIA,69931983,KB,Swasta,Jl. Lapang No.09 Rt.01 Rw.11,Cibogo,Lembang,-6.788012200000,107.659709100000,13,9,22,1,1
KB ANGGREK,69835824,KB,Swasta,"KP. CIBURUY RT,03 RW.05",Cintakarya,Sindangkerta,-6.995872000000,107.396545000000,22,25,47,1,1
KB ANGGREK PUTIH 8,69891527,KB,Swasta,Perum Ciampel Indah Jl. Melati Rt.02 Rw.08,Laksanamekar,Padalarang,-6.880900000000,107.501000000000,6,15,21,1,1
KB ANISA,69937902,KB,Swasta,Kp. Ciganda Rt. 01/03 Ds. Rende,Rende,Cikalongwetan,-6.753750800000,107.465533400000,15,17,32,1,1
KB ANNASRULLAH,69986737,KB,Swasta,KP. PABRIK RT 01 RW 08,Mandalawangi,Cipatat,-6.801464700000,107.389866500000,17,14,31,2,1
KB AR- ROHMAH,69891576,KB,Swasta,BLOK RANCA RT 03 RW 02,Batujajar Barat,Batujajar,-6.921900000000,107.497100000000,8,10,18,2,1
KB AR-RASYID,70053440,KB,Swasta,Kp. Tangkil RT.003 RW.013,Sukasari,Gununghalu,.000000000000,.000000000000,6,8,14,2,1
KB AR-ROJA,69836092,KB,Swasta,KP.CIEUNDEUY RT04/RW006 DESA.SUKAHAJI KEC.CIPEUNDEUY KAB.BANDUNG BARAT,Sukahaji,Cipeundeuy,-7.057538000000,107.790813000000,12,23,35,3,1
KB ARROYAN,69836004,KB,Swasta,KP. CIKAMUNING RT. 01 RW.01,Tagogapu,Padalarang,-6.821913700000,107.471299100000,8,14,22,1,0
KB ARSHELIA,70000891,KB,Swasta,KP PASIRBUNGUR RT 01 RW 05,Ranca Senggang,Sindangkerta,-7.017082800000,107.373861900000,12,14,26,1,2
KB AS SALAM,69924122,KB,Swasta,Jl. Ngamprah Kidul No.22 Rt.03/02,Ngamprah,Ngamprah,-6.830909000000,107.499880000000,5,3,8,2,1
KB AS SHULA,69946541,KB,Swasta,Kp. Malaka Jl. Raya Sindangkerta RT.001 RW.012,Sindangkerta,Sindangkerta,-7.073169000000,107.389080100000,2,4,6,null,null
KB ASH SHODDIQ,69940493,KB,Swasta,Kp. Babakan Bandung Rw.10,Pagerwangi,Lembang,-6.835600000000,107.620100000000,18,17,35,3,1
KB Assalafiah,69835836,KB,Swasta,Malandang Rt 01 / RW 03,Pasirpogor,Sindangkerta,-6.981569000000,107.390395000000,19,15,34,3,1
KB Assalafiyyah,69836102,KB,Swasta,Cibitung,Ciroyom,Cipeundeuy,-6.711674000000,107.357100000000,23,10,33,4,1
KB ASSYAFIIYAH,69968713,KB,Swasta,Kp. Ciranca Rt 01/04 Ds. Sukamulya,Sukamulya,Cipongkor,-6.920010000000,107.363014800000,25,29,54,3,1
KB ASSYARIFAH,69836016,KB,Swasta,BABAKAN CIANJUR,Gadobangkong,Ngamprah,6.800000000000,107.500000000000,17,13,30,1,1
KB AT TAWABIN,69835992,KB,Swasta,KP. CIPADANG MANAH RT.02 RW.16,Padalarang,Padalarang,-5.435582000000,114.413799000000,40,30,70,3,1
KB AT-TAQWA,69891549,KB,Swasta,BLOK TALANG,Sirnagalih,Cipeundeuy,-5.443757000000,114.421127000000,35,23,58,4,1
KB AT-TAQWA,69891561,KB,Swasta,KP. PASIR KADU RT 01 RW 08,Mukapayung,Cililin,-6.984300000000,107.461800000000,8,8,16,1,0
KB AT-TAUHID,69962769,KB,Swasta,Kp. Cigonyar Rt.01/04,Puncaksari,Sindangkerta,-.000144800000,.000107300000,22,26,48,1,1
KB ATSILAH,69922736,KB,Swasta,Kp. Babakan Solokan RT.01 RW.17,Cempakamekar,Padalarang,-6.887359900000,107.497653200000,16,16,32,2,1
KB AULADI,69835989,KB,Swasta,"KOMPK PPI,BLOK G10,NO.17",Padalarang,Padalarang,-6.876199500000,107.481002600000,9,6,15,1,2
KB AZ-ZAHRA,69961856,KB,Swasta,Kp. LOJI RT.02 RW.02,Cipada,Cisarua,-6.777884400000,107.524145800000,31,17,48,0,1
KB BABUSSALAM,69916648,KB,Swasta,KP. CIHAMPELAS RT.01 RW. 04,Bojongkoneng,Ngamprah,-6.831481000000,107.485007000000,23,18,41,3,1
KB BAHRUL AMIN CEBA,69835883,KB,Swasta,Jl. Raya Ciraden RT.06 RW.03,Citapen,Cihampelas,-6.949742800000,107.496167500000,32,24,56,3,1
KB BAITUL MUTTAQIEN,70007291,KB,Swasta,KP. GUNUNGBATU RT.01 RW.06,Ciptaharja,Cipatat,.000000000000,.000000000000,22,22,44,3,0
KB BAITURRAHMAN,69986766,KB,Swasta,KP. PABUARANRT 01 RW 01,Mandalawangi,Cipatat,-6.796436700000,107.399685600000,19,13,32,2,0
KB BAITURROHIM,69916591,KB,Swasta,JL. DIRAWINATA NO.12,Tanimulya,Ngamprah,-6.854615000000,107.535550000000,17,6,23,3,1
KB BERDIKARI,69836011,KB,Swasta,JL BABAKAN ROHMAT NO 31,Cimareme,Ngamprah,-6.865326000000,107.505102000000,25,16,41,1,1
KB BERINGIN,69835978,KB,Swasta,KP.CICARINGIN RT.03 RW.07,Mandalawangi,Cipatat,-6.835580000000,107.360175900000,14,15,29,2,1
KB BHINA SWAKARYA,69835930,KB,Swasta,Kp. Seketando RT.02 RW.14,Cangkorah,Batujajar,-6.884700000000,107.490300000000,0,0,0,1,0
KB BINA BANGSA,69919275,KB,Swasta,Kp. Cilimus Rt.02 Rw.03,Padaasih,Cisarua,-6.821071000000,107.561729000000,19,18,37,1,0
KB BINA ILMU MANDIIRI,69916594,KB,Swasta,JL. PADALARANG KP.CIBURIAL NO.04 RT.03/08,Margajaya,Ngamprah,-6.850999000000,107.502277000000,7,12,19,2,0
KB Bina insan ceria,69835772,KB,Swasta,Kp. Cipali RT.03 RW.10,Cibitung,Rongga,-6.995009500000,107.256068800000,46,44,90,3,0
KB BINA MULIA MANDIRI,69836024,KB,Swasta,Permata Blok P 8 no 12 A,Tanimulya,Ngamprah,-6.862400000000,107.519500000000,3,3,6,0,1
KB BINA SATRIA,69968740,KB,Swasta,Kp. Pasircalung  RT.02 RW.07,Cipada,Cisarua,-6.788435000000,107.528136000000,20,21,41,0,1
KB BINAKARYA,69836080,KB,Swasta,NYENANG,Nyenang,Cipeundeuy,-6.444500000000,107.211100000000,9,12,21,2,2
KB BUDI MEKAR,69916592,KB,Swasta,KP. CIKAWATI RT.03 RW.02,Pakuhaji,Ngamprah,-6.852546000000,107.530642000000,11,18,29,2,1
KB BUNDA ASRI,69836007,KB,Swasta,KP. NEGLASARI RT.01 RW.13,Tagogapu,Padalarang,-6.827953100000,107.465746900000,20,18,38,7,1
KB BUNDA FLORIA,69982370,KB,Swasta,JL. Mekarwangi No.107 RT.01 RW.09,Sariwangi,Parongpong,-6.810044900000,107.578147100000,12,8,20,1,1
KB CAHAYA BINTANG,69942927,KB,Swasta,"Jl. Maribaya No.1, Ruko Central Lembang Blok B-6 Kec. Lembang Kabupaten Bandung",Jayagiri,Lembang,-5.443757000000,114.421127000000,0,0,0,0,1
KB CAHAYA BUNDA,69954123,KB,Swasta,Kampung Sukamulya Rt. 04 Rw. 02,Puteran,Cikalongwetan,-6.717066000000,107.394206000000,26,30,56,0,1
KB CAHAYA HATI,69916602,KB,Swasta,KP. TEGAL KONENG RT.05/05,Buninagara,Sindangkerta,-7.012181000000,107.430299000000,7,17,24,1,2
KB CALAKAN,69940490,KB,Swasta,Kp. Ciburial RT 02 RW 05,Cibogo,Lembang,-6.811400000000,107.637200000000,38,26,64,2,1
KB CEMPAKA PUTIH,69835972,KB,Swasta,KP. KIARA MARGALUYU RT. 01 RW. 12,Mandalasari,Cipatat,-6.825108000000,107.335911000000,11,12,23,2,1
KB CENDRAWASIH,69835766,KB,Swasta,Kp. Babakan Talang  RT.03 RW.01,Cibedug,Rongga,-6.951300000000,107.304500000000,13,18,31,2,2
KB CERDIK,69917027,KB,Swasta,"Kp, nyomplong Rt.02/17",Rajamandala Kulon,Cipatat,-6.833204000000,107.352734000000,17,24,41,2,1
KB CERMAT,69835955,KB,Swasta,RAYA CIMERANG RT.01 RW 12,Citatah,Cipatat,-6.848164300000,107.375203800000,30,45,75,3,1
KB CIKAL GEMILANG,69928934,KB,Swasta,Jl. Raya Gadobangkong No.167 B Depan Pusdikter,Cimareme,Ngamprah,-6.861981000000,107.501836000000,10,11,21,2,3
KB CIWANGUN SEJAHTERA,69921204,KB,Swasta,Kp. Cisauheun RT.03 RW.03,Sukahaji,Cipeundeuy,-6.802974500000,107.316538700000,11,13,24,2,1
KB DAARUL HUDA,69891542,KB,Swasta,CIKIRAY HILIR RT.O1 RW.14,Nanggeleng,Cipeundeuy,-6.747800000000,107.348600000000,11,11,22,3,1
KB DAARUSSALAM,69891481,KB,Swasta,Kp. Ciceuri RT.03 RW.09,Cibedug,Rongga,-7.004200000000,107.253000000000,12,10,22,2,0
KB DAHLIA,69836040,KB,Swasta,POJOK TENGAH,Cikahuripan,Lembang,-6.827187000000,107.655885800000,16,11,27,3,1
KB DARUL AMANAH,69975260,KB,Swasta,Kp. Pasir gombong RT 02 RW 06 Des. Girimukti,Girimukti,Cipongkor,-6.941400000000,107.349100000000,44,28,72,3,0
KB DARUL HIDAYAH,69835895,KB,Swasta,KP. MAROKO RT.06 RW.01,Mekarjaya,Cihampelas,-6.933290800000,107.499794500000,10,16,26,2,1
KB DEWI SRI,69835919,KB,Swasta,JL. SMP Gg. PAUD,Batujajar Barat,Batujajar,-6.906798800000,107.459070400000,5,9,14,2,1
KB DOA IBU,69836008,KB,Swasta,Kp. Nyondol RT.02 RW.08,Cempakamekar,Padalarang,-6.790300000000,107.464100000000,9,15,24,3,2
KB EAGLE,69935228,KB,Swasta,Jl. Baru Adjak No. 194B Rt.04 Rw.06,Lembang,Lembang,-6.792468600000,107.644540000000,8,5,13,2,1
KB ESHAL DALIA,69836245,SPS,Swasta,GIRIMULYA,Selacau,Batujajar,-6.923464100000,107.500333300000,12,8,20,1,1
KB FATHUR RAHMAN,69916647,KB,Swasta,"JL. H GOFUR, KOMP GRAHA BUKIT RAYA 3 B-1 RT.08/25",Cilame,Ngamprah,-6.854307000000,107.522925000000,10,3,13,3,1
KB FIRDAUS PERCIKAN IMAN,69933227,KB,Swasta,Jl. Bukit Firdaus No. 9 Komp. Gerlong Permai,Ciwaruga,Parongpong,-5.443757000000,114.421127000000,10,7,17,1,2
KB GEGER SUNTEN,69836045,KB,Swasta,KP CIBODAS,Suntenjaya,Lembang,-6.828500000000,107.697700000000,26,18,44,2,0
KB GIFFARY,69976802,KB,Swasta,KP. CITALIO RT 04 RW 06,Jambudipa,Cisarua,-6.800156600000,107.555368500000,18,22,40,3,1
KB HARAPAN,69939301,KB,Swasta,Kp. Panyusuhan Rt.05 Rw.04,Weninggalih,Sindangkerta,-7.020423900000,107.434965600000,21,31,52,2,2
KB HARAPAN IBU,69891536,KB,Swasta,Kp. Citespong Rt.02 Rw.02,Sukajaya,Lembang,-6.808198800000,107.723296500000,6,12,18,1,1
KB IHYAULBARKAH,69835931,KB,Swasta,KP. BBK RANCABENTANG RT.02 RW.02,Rajamandala Kulon,Cipatat,-6.822728000000,107.355993000000,15,20,35,2,1
KB INSAN MANDIRI,69979958,KB,Swasta,Kp. Pamucatan Rt 03/09,Ciburuy,Padalarang,-6.820436000000,107.466350000000,16,15,31,3,0
KB KAMPUNG BELAJAR,69835970,KB,Swasta,KP. BUNGUR RT. 02 RW. 09,Mandalasari,Cipatat,-6.833334700000,107.395552500000,13,18,31,2,1
KB KARYA NUGRAHA,69835937,KB,Swasta,PERUM GRIYA SUKARAME ASRI BLOK E. No. 11-12,Ciptaharja,Cipatat,-6.832700000000,107.369500000000,33,25,58,3,1
KB KASIH IBU,69835993,KB,Swasta,KP. CIJEUNGJING NO. 66 RT. 03 /21,Kertamulya,Padalarang,-6.853718000000,107.485592000000,6,5,11,1,1
KB KEMILAU ZAMAN,69982505,KB,Swasta,JL. CIHANJUANG KP. CIBALIGO NO. 19 RT 02 RW 14,Cihanjuang,Parongpong,-6.850995900000,107.574742400000,0,0,0,null,null
KB KHADIJAH,69836063,KB,Swasta,KP Babakan Cikiray RT 01 RW 13,Nanggeleng,Cipeundeuy,-6.763798800000,107.374913500000,29,24,53,2,1
KB KHAIRUNNISA,69891524,KB,Swasta,Kp. Ciruman RT. 02 RW. 02,Rajamandala Kulon,Cipatat,-6.838040200000,107.333632100000,9,21,30,2,1
KB Lulu Galby,69968593,KB,Swasta,Kp. Cicalengka Rt.06 Rw.04,Mekarmukti,Cihampelas,-6.924872600000,107.468476300000,22,17,39,2,1
KB MANDIRI,69922245,KB,Swasta,Kp. Babakan Pasir Angin RT.02 RW.15,Ciburuy,Padalarang,-6.832565000000,107.470837000000,13,10,23,2,1
KB MANDIRI,69836104,TPA,Swasta,Kp. Cibodas RT.01 RW.14,Bunijaya,Gununghalu,-7.017997000000,107.251039000000,17,13,30,2,1
KB MANDIRI,69888179,KB,Swasta,KP CIPEUTEUY RT 04/05,SAGULING,Saguling,-6.894690000000,107.370235400000,15,12,27,4,1
KB MAWAR CIBURUY,69835996,KB,Swasta,KP. CIKADU RT.01 RW.13,Ciburuy,Padalarang,-6.813104100000,107.488827800000,19,19,38,3,1
KB MAWAR INDAH,69989532,KB,Swasta,Kp. Cintaasih Rt 04/01,Wangunsari,Sindangkerta,-6.978898400000,107.388375400000,28,36,64,4,2
KB MEDINA AZAHRA,69984413,KB,Swasta,KP. KARANGLAYUNG RT 01 RW 09,Kertamukti,Cipatat,-6.805867100000,107.426631900000,19,15,34,1,1
KB MEKARSARI,70049102,KB,Swasta,KP. MEKARSARI RT 003 RW 019,Bojong,Rongga,.000000000000,.000000000000,15,11,26,2,1
KB MEKARWANGI,69968985,KB,Swasta,JL. GOA PAWON RT 001 RW 012,Gunungmasigit,Cipatat,-6.831022600000,107.400450200000,15,17,32,2,2
KB MELATI,69836050,KB,Swasta,Kp. PASIRHALANG RT.01 RW.12,Tugumukti,Cisarua,-6.839683300000,107.554527100000,17,12,29,2,1
KB MIFTAHUL FALAH,69836065,KB,Swasta,JL. CIBUNTU/ KP CIBUNTU,Nanggeleng,Cipeundeuy,-6.774812000000,107.388182200000,27,18,45,2,0
KB MIFTAHUL IMAN,69836041,KB,Swasta,KOLONEL MASTURI CITESPONG RT. 02 RW. 01,Sukajaya,Lembang,-6.828687100000,107.642626500000,10,12,22,1,1
KB MIFTAHUS SADIAH,69955482,KB,Swasta,Kampung Cigombong Rt. 04 Rw. 13,Cibedug,Rongga,-7.009608000000,107.278522000000,0,0,0,1,0
KB MIFTAHUSSALAM,69972624,KB,Swasta,Kp. Cibuntu Rt 03/09 Ds. Bojongkoneng,Bojongkoneng,Ngamprah,-6.858475300000,107.513781600000,12,7,19,2,1
KB MITRA INSANI,69836044,KB,Swasta,Kp. Lebak Hideng Pasir Ipis RT.03 RW.17,Jayagiri,Lembang,-6.810564100000,107.645119400000,5,8,13,0,1
KB MUTIARA AL-HIDAYAH,69954124,KB,Swasta,Kampung Tegalega Rt.03 Rw. 08,Cilangari,Gununghalu,-7.077839200000,107.365894800000,9,7,16,3,0
KB MUTIARA ILMU,69972122,KB,Swasta,PERUM BATUJAJAR REGENCY BLOK N-5 RT 05 RW 15,Laksanamekar,Padalarang,-6.849622000000,107.499281100000,27,20,47,4,1
KB MUTIARA ILMU,69835946,KB,Swasta,Kp. Sekip RT. 02 RW. 09,Cipatat,Cipatat,-6.850416200000,107.365622300000,12,23,35,2,1
KB MUTIARA KASIH,69835999,KB,Swasta,Kp. BABAKAN RT.02 RW.10,Tagogapu,Padalarang,-6.834915200000,107.479540400000,24,29,53,4,0
KB MUTIARA QOLBI,69956290,KB,Swasta,Kampung Cukang Kawung Rt.01 Rw.05,Pakuhaji,Ngamprah,-6.849000000000,107.535700000000,14,15,29,2,2
KB NAJMIATUL ULUM,69891523,KB,Swasta,Kp. Pareang Lio,Rajamandala Kulon,Cipatat,-5.445722000000,114.431791000000,23,33,56,2,1
KB NAZUSSALAM,69835979,KB,Swasta,KP PABUARAN,Mandalawangi,Cipatat,-6.833811600000,107.438657500000,21,16,37,3,1
KB NIAGARA,69891532,KB,Swasta,PURI CIPAGERAN INDAH 2 BLOK D NO. 12-15A,Tanimulya,Ngamprah,-6.859100000000,107.531600000000,9,16,25,2,0
KB NUR HIDAYAH,69964304,KB,Swasta,Kp. Cipari Rt.04/01,Cijambu,Cipongkor,-6.892212100000,107.340629600000,13,12,25,4,2
KB NUR INSANI,69891533,KB,Swasta,KP. CIJERAH RT 06 RW 04,Tanimulya,Ngamprah,-6.866610000000,107.518816000000,9,14,23,1,1
KB NURLATIFAH,69891543,KB,Swasta,Jl Sirnaraja/kp. Babakan Tapos Rt/Rw 04/03,Sirnaraja,Cipeundeuy,-6.769316000000,107.383144000000,11,12,23,1,1
KB NURUL ALMAARIF,69970658,KB,Swasta,Kp. Cilimus Rt 03/01 Ds. Sarinagen,Sarinagen,Cipongkor,-6.951744000000,107.346459000000,16,12,28,3,1
KB NURUL HUDA,69891469,KB,Swasta,Kp. Cijengkol RT.01 RW.12,Nyalindung,Cipatat,-6.792041000000,107.425261000000,3,5,8,2,1
KB NURUL HUDA,69953006,KB,Swasta,Kp. Leuwinutug Rt 01/04,Batulayang,Cililin,-6.954900000000,107.439100000000,39,32,71,4,0
KB NURUL JANNAH,69968974,KB,Swasta,SURAMANGGALA RT 08 RW 01,Baranangsiang,Cipongkor,-6.918000000000,107.366400000000,19,22,41,2,0
KB NURUL QOLBI,69835810,KB,Swasta,KP.RAWA BIRU RT.04/11,Sukasari,Gununghalu,-6.990879000000,107.348142000000,22,17,39,2,1
KB NURUSSAADAH,69836070,KB,Swasta,jl sirnaraja kp. cinta asih rt/rw 02/04,Sirnaraja,Cipeundeuy,-6.718998000000,107.379874500000,14,14,28,3,1
KB NUSA BANGSA,69835982,KB,Swasta,KP. CIMAREME,Cimerang,Padalarang,-6.867000000000,107.502100000000,49,39,88,6,1
KB NUSA INDAH,69835925,KB,Swasta,GALANGGANG RT. 02 RW. 12,Galanggang,Batujajar,-6.914038700000,107.497176900000,17,18,35,2,1
KB NUSANTARA,69968993,KB,Swasta,KP CIPARANG RT 02 RW 07,Cipatat,Cipatat,-6.834741500000,107.426540500000,8,15,23,2,1
KB PANORAMA PUTRA INDONESIA,69971506,KB,Swasta,Kp. Neglasari RT.01 RW.13,Galanggang,Batujajar,-5.443757000000,114.421127000000,21,11,32,2,1
KB PAUD TERPADU BELLA,69932557,KB,Swasta,Kp. Warung Domba Rt.01 Rw.05,Mandalamukti,Cikalongwetan,-6.730843100000,107.397307900000,26,32,58,5,1
KB PELANGI CERIA,70001886,KB,Swasta,KP. PUSPA NENGGANG RT 01 RW 14 DS. TAMANJAYA,Tamanjaya,Gununghalu,-7.076658400000,107.359889900000,37,39,76,6,1
KB PELITA INDONESIA,69972436,KB,Swasta,JL. RAYA LEMBANG NO. 194,Lembang,Lembang,-6.799407200000,107.633143300000,1,3,4,null,null
KB QUR ANUL BAHRI,69835897,KB,Swasta,Kp. PALASARI Rt 04/07,Cintaasih,Cipongkor,-6.958697900000,107.367038000000,17,9,26,0,1
KB RAUDLATUL JANNAH,69835893,KB,Swasta,KP. SUKAGUNA RT.01 RW.07,Mekarjaya,Cihampelas,-6.978932700000,107.500881600000,8,16,24,1,1
KB RAWASARI,69975575,KB,Swasta,Kp. Cipongporang Rt 02/09 Ds. Nyenang,Nyenang,Cipeundeuy,-6.798026600000,107.373338400000,20,22,42,3,2
KB RIYADHUSSAKINAH,69926726,KB,Swasta,Kp. Sirnagalih Rt.06 Rw.10,Rancapanggung,Cililin,-6.988300000000,107.426900000000,17,21,38,1,2
KB RIYADLUSHSHOLIHIN,69835896,KB,Swasta,KP. CIBALOK RT.02 RW.05,Mekarjaya,Cihampelas,-6.917656300000,107.441834700000,13,9,22,2,0
KB ROSADA,69963027,KB,Swasta,KP. PASIRTEREP RT.02 RW.03,Cijenuk,Cipongkor,-6.941347700000,107.367897100000,21,20,41,1,1
KB ROUDHOTUL HASANAH,69942924,KB,Swasta,JL. KOLMAS 129 KP. PAMECELAN RT 02 RW 05,Sukajaya,Lembang,-5.443757000000,114.421127000000,9,13,22,1,1
KB ROUDHOTUSSYARIF,69981708,KB,Swasta,Kp. Cipeuteuy Rt 01/07,Sukamulya,Cipongkor,-6.942460700000,107.322260600000,7,8,15,2,2
KB RUHUT TAQWA,69836002,KB,Swasta,Jl. Purwakarta Kp. Cilio RT.01 RW.02,Tagogapu,Padalarang,-6.872500000000,107.471300000000,18,20,38,2,1
KB RUMAH CERIA,69953610,KB,Swasta,Kp.Pasir Badak RT.02 RW.17,Cinengah,Rongga,-6.985258000000,107.206645200000,24,16,40,5,0
KB SHIROTUN DHAU UN,69835959,KB,Swasta,KP. CIRAWA RT 03 RW 06,Cirawamekar,Cipatat,-6.812836000000,107.381659000000,12,27,39,2,2
KB SURYA KENCANA,69969663,KB,Swasta,Kp. Pasirpanjang RT 03 RW 02,Neglasari,Cipongkor,-6.931233200000,107.356168000000,10,16,26,3,1
KB TARBIYATUL AULAD,69836096,KB,Swasta,PLTA CIRATA/SUKABETAH,Ciharashas,Cipeundeuy,-6.728905000000,107.382630000000,34,43,77,4,1
KB TARBIYATUL ULA,69891575,KB,Swasta,Jl. Blok Panca Tengah RT.006 RW.003,Batujajar Barat,Batujajar,-6.919000000000,107.498000000000,24,22,46,3,2
KB Tarbiyatun Najah,69835882,KB,Swasta,Kp. Babakan Tarogong RT.01 RW.06,Citapen,Cihampelas,-6.960352800000,107.509068200000,9,8,17,2,1
KB TERPADU,69835939,KB,Swasta,KP.SAKOLA RT.01 RW 14,Ciptaharja,Cipatat,-6.851854500000,107.442707900000,20,15,35,0,1
KB TUNAS AL MUHAJIRIN,69924131,KB,Swasta,Jl. H. Ghofur Perum Binakarya Rt.04/01,Pakuhaji,Ngamprah,-6.851558000000,107.526122000000,16,12,28,2,1
KB TUNAS CENDIKIA,69932931,KB,Swasta,Kp. Cileueur RT.03/RW.05,CIKANDE,Saguling,-6.875000000000,107.437900000000,14,6,20,2,1
KB TUNAS CITRA ASRI,69835987,KB,Swasta,KOMP. CITRA PADALARANG INDAH C125,Jayamekar,Padalarang,-6.849900000000,107.465400000000,37,42,79,6,1
KB TUNAS HARAPAN BANGSA,69888174,KB,Swasta,KP. CIMALANG RT. 03 RW. 04,GIRIMUKTI,Saguling,-6.884004000000,107.419070000000,22,31,53,5,1
KB TUNAS HARAPAN KONENGSARI,69919824,KB,Swasta,Kp. Pasirhaur Rt.03 Rw.13,Bojongkoneng,Ngamprah,-6.813700000000,107.523000000000,39,31,70,3,0
KB TUNAS HIDAYAH MUSTOFA,69888177,KB,Swasta,KP. JALUPANGKIDUL RT. 03 RW. 05,GIRIMUKTI,Saguling,-6.886716500000,107.406983000000,22,17,39,3,2
KB TUNAS MERDEKA,69916613,KB,Swasta,JL. GALUDRA NO.14 RT.01 RW.08,Cilame,Ngamprah,-6.847883000000,107.517099000000,4,11,15,1,2
KB WINAYA GUNA,69836061,KB,Swasta,KP. CITEMBONG 001/013,Margaluyu,Cipeundeuy,-6.794700000000,107.320100000000,21,18,39,4,1
KB WONDERLAND,69872174,KB,Swasta,Jl. SUKALAKSANA NO.07 RT.04 RW.02,Cikahuripan,Lembang,-6.791482100000,107.610087900000,3,4,7,3,0
KB YAHISHA,70057985,KB,Swasta,Kp. Cihamirung RT. 002 RW. 011,Mekarjaya,Cihampelas,.000000000000,.000000000000,0,0,0,0,1
KB YUKAINAA,69982413,KB,Swasta,KP. KEBON HUI RT 02 RW 03,Cigugur Girang,Parongpong,-6.756163400000,107.586059300000,11,10,21,1,1
KINANTI,69836042,KB,Swasta,KP. BABAKAN AMPERA RT. 05 /16 JL. JAYAGIRI,Jayagiri,Lembang,-6.802600000000,107.622300000000,17,13,30,2,2
Kober A-Muawanah,69835829,KB,Swasta,Babakan Jati,Cicangkang Girang,Sindangkerta,-6.998897500000,107.404043900000,16,12,28,1,1
KOBER ADH DHIYA,69922744,KB,Swasta,Kp. Cidaplang Rt.03/10,Mandalamukti,Cikalongwetan,-6.745800000000,107.457000000000,12,10,22,2,2
Kober Ainul Hayat,69891499,KB,Swasta,Kp Malaka Rt 01/ Rw 01,Sindangkerta,Sindangkerta,-7.019736400000,107.432796200000,16,17,33,1,2
KOBER AJ - JAHRA,69891483,KB,Swasta,KP. CIWIRA RT.02 RW.07,Sindangjaya,Gununghalu,-7.039479000000,107.238493000000,12,9,21,3,1
KOBER AL - AMIN,69835773,KB,Swasta,Kp. Pasir Peundeuy  RT.01 RW.02,Sukasari,Gununghalu,-6.990500000000,107.349900000000,10,11,21,3,0
KOBER AL - BAROKAH,69835775,KB,Swasta,Kp. Pasir Lemo Rt.02/04,Cilangari,Gununghalu,-7.030147400000,107.286817800000,3,14,17,3,1
KOBER AL - HIKMAH CIPAYUNG,69835795,KB,Swasta,KP HEGARMANAH RT 02 RW 013,Bunijaya,Gununghalu,-7.007500000000,107.271100000000,2,0,2,3,2
KOBER AL - HUDA,69835787,KB,Swasta,Kp. Cidadap,Sirnajaya,Gununghalu,-7.020356700000,107.313511500000,11,9,20,1,0
KOBER AL - MUCHLIS,69835786,KB,Swasta,Kp. Ciawitali,Sirnajaya,Gununghalu,-7.020526000000,107.306771000000,10,15,25,2,1
KOBER AL AFIYAH,69835789,KB,Swasta,KP.HEGARMANAH,Gununghalu,Gununghalu,-6.985890200000,107.311487800000,16,13,29,2,1
KOBER AL AMANAH,69835814,KB,Swasta,KP. NENGGEL RT. 02 /18,Tamanjaya,Gununghalu,-7.092074000000,107.315802700000,9,8,17,2,1
KOBER AL AMIN,69932965,TK,Swasta,Jl. Kolonel Masturi No.188 Rt.01 Rw.16,Cihideung,Parongpong,-6.802694000000,107.589798000000,24,28,52,4,1
KOBER AL BASIR,69974370,KB,Swasta,Kp. Cibanteng Rt 03/02 Ds. Sukamulya,Sukamulya,Cipongkor,-6.957900000000,107.392800000000,14,21,35,2,2
KOBER AL FANNIS,69835809,KB,Swasta,KP. CIBEUREUM RT. 04 / 07,Wargasaluyu,Gununghalu,-7.027270600000,107.239103500000,16,9,25,2,1
KOBER AL FATAH,69992588,KB,Swasta,KP. BOJONG LOA RT.01 RW.04,Cibenda,Cipongkor,-6.960275800000,107.367086600000,21,13,34,1,2
KOBER AL FATIH,70055614,KB,Swasta,Kp. Gading RT. 002 RW. 001,Cibenda,Cipongkor,-6.927600000000,107.325100000000,15,15,30,2,2
KOBER AL FURQON,69973976,KB,Swasta,Kp. Kubang Rt 01/24 Ds. Gununghalu,Gununghalu,Gununghalu,-7.086909500000,107.319001500000,5,11,16,2,0
KOBER AL HIDAYAH,70051864,KB,Swasta,Kp. BAHUBANG RT. 002 RW.007,Situwangi,Cihampelas,-6.967200000000,-252.501400000000,5,12,17,2,2
KOBER AL HIDAYAH PERMATA,69836030,KB,Swasta,Kp. Babakan No.10 RT.01 RW.09,Cigugur Girang,Parongpong,-6.837082000000,107.587523000000,9,8,17,1,0
KOBER AL HIKMAH,69835788,KB,Swasta,KP. Bojongsalam  RT. 01 / 03,Celak,Gununghalu,-7.025600000000,107.358400000000,18,25,43,3,0
KOBER AL HUDA,69891558,SPS,Swasta,Tanjung Wangii Rt 01/08.Ds. Cicangkanggirang  Sindangkerta,Cicangkang Girang,Sindangkerta,-7.002100000000,107.374800000000,29,38,67,2,1
KOBER AL HUSNA,70051862,KB,Swasta,Kp. Pojok RT 002 RW 011,Situwangi,Cihampelas,.000000000000,.000000000000,30,45,75,6,0
KOBER AL IKHLAS,69836064,KB,Swasta,KP CIRAHAYU,Nanggeleng,Cipeundeuy,-6.760404700000,107.312543400000,34,16,50,3,1
KOBER AL IKHLAS,69835813,KB,Swasta,KP. CIKAWUNG RT 01/18,Tamanjaya,Gununghalu,-7.042340700000,107.192060200000,14,9,23,0,1
KOBER AL IRSYAD SATYA,70037909,KB,Swasta,"Jl. Parahyangan KM 2,7 Kota Baru Parahyangan",Kertajaya,Padalarang,.000000000000,.000000000000,20,24,44,3,1
KOBER AL MUBAROK,69955567,KB,Swasta,Kampung Cikoneng Rt.002 Rw.015,Mukapayung,Cililin,-6.967155700000,107.483266200000,13,19,32,2,1
KOBER AL MUDAARIS,70052894,KB,Swasta,Kp. Tenjolaut RT.01 RW.06,Tenjolaut,Cikalongwetan,.000000000000,.000000000000,26,27,53,4,2
KOBER AL MUHAJIRIN,69835804,KB,Swasta,KP. KIBODAS RT. 01 / 08,Wargasaluyu,Gununghalu,-7.014919100000,107.254091600000,12,13,25,1,0
KOBER AL MUHTADIN,69933613,KB,Swasta,Kp. Rawasari Rt.03 Rw.07,Mandalasari,Cipatat,-5.443757000000,114.421127000000,8,13,21,3,0
KOBER AL MUMIN,69937307,KB,Swasta,Kp. Cihideung Rt.01/09,Bunijaya,Gununghalu,-7.042500800000,107.237930200000,18,10,28,2,2
KOBER AL- FATAH,70060112,KB,Swasta,Kp. Pangauban RT. 002 RW. 002,Cijenuk,Cipongkor,.000000000000,.000000000000,0,0,0,2,2
KOBER AL-GUFRON,69836074,KB,Swasta,Kp.Nagrak RT 02 RW 06,Sirnaraja,Cipeundeuy,-5.443757000000,114.421127000000,10,11,21,2,1
KOBER AL-HUSNA,69836082,KB,Swasta,KP. MARGALUYU RT.01 RW 11,Cipeundeuy,Cipeundeuy,-6.745056400000,107.339053600000,16,20,36,0,2
Kober AL-Ikhlas,69835823,KB,Swasta,KP. Pasir Angin,Cintakarya,Sindangkerta,-7.008242000000,107.389796000000,12,12,24,2,1
KOBER AL-INAYAH,69835799,KB,Swasta,Kp.LEGOK KADU RT.02/04,Celak,Gununghalu,-7.008322000000,107.350738000000,10,17,27,1,1
KOBER AL-JIHAD,69836081,KB,Swasta,KP.BANJAR SARI,Nyenang,Cipeundeuy,-6.744902000000,107.333931000000,21,20,41,4,0
Kober Al-Manar,69835821,KB,Swasta,Kp. Cibeletong Rt 03/ Rw 09,Ranca Senggang,Sindangkerta,-7.006700000000,107.410800000000,14,14,28,2,1
KOBER AL-MUKHTARIAH,69836062,KB,Swasta,KP. CIBUNGUR RT 02 RW 08,Margaluyu,Cipeundeuy,-6.736835200000,107.329658000000,7,6,13,2,1
KOBER ALIF,69836357,KB,Swasta,SADANG,Cikidang,Lembang,-5.429772000000,114.425729000000,22,23,45,3,2
KOBER AN - NAUFAL,69835779,KB,Swasta,Kp. WArungkupa Ds. Bunijaya,Bunijaya,Gununghalu,-7.033856800000,107.266439700000,11,9,20,1,0
KOBER AN - NUR,69835774,KB,Swasta,Kp. Lewi Panto,Cilangari,Gununghalu,-7.027870600000,107.197158900000,11,4,15,3,2
KOBER AN NUR,69835806,KB,Swasta,KP. LAMPEGAN RT. 01 / 13,Wargasaluyu,Gununghalu,-7.014100000000,107.356400000000,17,10,27,3,0
KOBER AN-NUR,69891570,KB,Swasta,Kp. Sukamulya Rt. 003 Rw. 006,Mekarsari,Cipongkor,-6.942857673705,107.375689297915,13,15,28,3,1
KOBER ANGGREK,70036132,KB,Swasta,Kp. Cisarua Rt. 003 Rw. 006,Cibitung,Rongga,.000000000000,.000000000000,42,44,86,4,1
KOBER AR RAHMAT,69835784,KB,Swasta,KP. Cimarel RT.001 RW.002,Sukaresmi,Rongga,-6.993745400000,107.326784200000,28,41,69,5,1
KOBER ARSYAKAYLA,69974070,KB,Swasta,Kp. Sasak Rt 02/08,Cijenuk,Cipongkor,-6.958571000000,107.376666000000,11,7,18,1,0
KOBER AS SALAM,69835805,KB,Swasta,KP. CELAK RT.03 RW.09,Celak,Gununghalu,-7.073447200000,107.346840400000,14,13,27,4,1
KOBER AS SALAM,69835790,KB,Swasta,Kp. Cipaku,Gununghalu,Gununghalu,-7.048499000000,107.225322900000,11,2,13,2,0
KOBER AS SALAM,69835776,KB,Swasta,Kp. Sindangsalam Ds. SIndangjaya,Sindangjaya,Gununghalu,-7.044953400000,107.342361400000,0,0,0,1,1
KOBER AS SHIDIKIYAH,69891489,KB,Swasta,KP. BABABAKAN SARI RT.01/10,Cilangari,Gununghalu,-7.008812000000,107.271495000000,12,15,27,2,2
KOBER AS SYIFFA,69836176,KB,Swasta,Kp. Patrol RT.01 RW.08,Pataruman,Cihampelas,-6.952300000000,107.522400000000,20,22,42,4,1
KOBER ASH-SHIDIQ,70051861,KB,Swasta,Kp. Balakasap RT. 001 RW. 002,Pataruman,Cihampelas,.000000000000,.000000000000,9,13,22,1,1
KOBER ASSAIDIYAH,69835902,KB,Swasta,Kp. Cibanteng Rt 01/05 Ds. Citalem,Citalem,Cipongkor,-6.924053500000,107.378308000000,16,15,31,3,2
KOBER ASYROZ,69933612,KB,Swasta,Kp. Pasegan Rt.01 Rw.17,Cipatat,Cipatat,-6.836656900000,107.363637600000,14,11,25,2,1
KOBER AT TOYIBAH,69835785,KB,Swasta,Kp. Banyuresmi Rt 02/09 Ds. Sirnajaya,Sirnajaya,Gununghalu,-7.046322400000,107.354456600000,13,7,20,2,1
KOBER ATTAHIYAH,69835800,KB,Swasta,KP. SAMPORA RT. 01 / 12,Celak,Gununghalu,-7.002253000000,107.362282000000,10,13,23,2,0
KOBER AZ ZAHRA CERIA,69835915,KB,Swasta,Kp. Rawa Tempele Ds. Sirnagalih,Sirnagalih,Cipongkor,-6.909684000000,107.333196000000,41,48,89,5,0
KOBER BAITURAHMAN,69974200,KB,Swasta,Kp. Muara Rt 02/03 Ds.Puncaksari,Puncaksari,Sindangkerta,-7.046544600000,107.385658500000,26,27,53,3,2
KOBER BANDUNG BARAT FOUNDATION-1,70043828,KB,Swasta,Jl. Raya Purwakarta KM 10 Rt. 001 Rw.011,Sumurbandung,Cipatat,.000000000000,.000000000000,42,43,85,8,0
KOBER BHINEKA,69891547,KB,Swasta,KP.HEGARMANAH,Cipeundeuy,Cipeundeuy,-6.781244100000,107.320205400000,15,22,37,3,1
KOBER BINA PALAHAN,69954125,KB,Swasta,Kampung Palahan Rt. 03 Rw. 08,Pasirpogor,Sindangkerta,-7.028677600000,107.405463200000,40,41,81,3,1
KOBER BINA PRATAMA,69835936,KB,Swasta,JL. RAYA SUKARAME KOMPLEK UPTD PENDIDIKAN,Ciptaharja,Cipatat,-6.853074900000,107.433716300000,12,15,27,1,1
KOBER CEMPAKA NUNGGAL,69835778,KB,Swasta,KP. ANGKUM RT. 03 / 07,Sirnajaya,Gununghalu,-7.028230500000,107.284414100000,33,32,65,2,1
KOBER CEMPAKA SUKASARI,69975211,KB,Swasta,Kp. Legong RT.02 RW.05 Ds. Sirnajaya,Sirnajaya,Gununghalu,-7.025300000000,107.313100000000,0,0,0,0,1
KOBER CERIA,70051552,KB,Swasta,KP. JAYA MEKAR RT 004 RW 008,Cipatik,Cihampelas,.000000000000,.000000000000,8,19,27,3,2
KOBER DARUL FALAH,69835815,KB,Swasta,PASIR SATU RT 02 / 07,Tamanjaya,Gununghalu,-7.074456800000,107.307230100000,16,8,24,4,2
KOBER DARUL MUTMAINAH,69835816,KB,Swasta,KP SUKAMANAH RT. 01 /11,Tamanjaya,Gununghalu,-7.059390000000,107.339663200000,30,24,54,3,1
KOBER HARAPAN BUNDA,69973419,KB,Swasta,Jln Celak Kaler Rw 9 Ds. Celak,Celak,Gununghalu,-7.031244400000,107.240819500000,20,17,37,2,1
KOBER IBNURSYIFA,69976696,KB,Swasta,Kp. Selajambe Rt 03/06,Cilangari,Gununghalu,-7.012439600000,107.305249400000,9,17,26,2,1
KOBER IRMA NURULHUDA,69835791,KB,Swasta,Kp.Lembur Gede,Gununghalu,Gununghalu,-7.024239700000,107.297131600000,12,13,25,2,0
KOBER KARYA NYATA,69891555,SPS,Swasta,Kp. Nagrog RT.004/04,Sindangjaya,Gununghalu,-7.004964800000,107.359096700000,14,16,30,4,1
KOBER KASIH IBU,69917028,KB,Swasta,KOBER KASIH IBU,Mandalawangi,Cipatat,-6.840728200000,107.360847900000,9,9,18,1,2
KOBER KINDLY PRESCHOOL AND KINDERGA,70056835,KB,Swasta,Kota Bali Residence Blok A No. 2 RT. 002 RW. 023,Padalarang,Padalarang,.000000000000,.000000000000,11,20,31,1,1
KOBER LU LU,69835782,KB,Swasta,KP. PAMOKOLAN RT. 03 / 01,Bunijaya,Gununghalu,-7.159472000000,107.174812000000,13,16,29,2,1
KOBER MANARUL HUDA,69973777,KB,Swasta,Kp. Sumumput Rt 03/04 Ds. Sarinagen,Sarinagen,Cipongkor,-6.914423500000,107.345866800000,28,23,51,2,2
KOBER MANDALA,69891548,KB,Swasta,JLN.RAYA  CIROYOM CIPEUNDEUY,Ciroyom,Cipeundeuy,-6.718000000000,107.349600000000,21,18,39,1,1
KOBER MATA AN-NIHAYAH,70063352,KB,Swasta,KP BOJONG RANCA,Cijenuk,Cipongkor,-6.962985173455,107.377075429996,0,0,0,3,1
KOBER MAWAR MERAH,70055587,KB,Swasta,Kp. Bahubang RT. 002 RW. 006,Situwangi,Cihampelas,.000000000000,.000000000000,0,1,1,2,1
KOBER MELATI,69937354,KB,Swasta,Kp. Buah Batu Rt.01 Rw.01,Sukasari,Gununghalu,-7.049923500000,107.350791500000,6,12,18,1,1
KOBER MIFTAHUL HIDAYAH,69974528,KB,Swasta,Kp. Pasirkiara Rt 01/03 Ds. Cijenuk,Cijenuk,Cipongkor,-6.897631700000,107.331142900000,2,3,5,1,1
KOBER MIFTAHUL JANNAH,69984039,KB,Swasta,Kp. Pasirangin Ds. Rancasenggang,Ranca Senggang,Sindangkerta,-7.039817600000,107.389333300000,8,8,16,0,1
KOBER MIFTAHUSSALAM,69969871,KB,Swasta,Kp. Perelas Rt 01 Rw 06 Ds. Budiharja,Budiharja,Cililin,-6.939725000000,107.421118000000,22,18,40,3,1
KOBER MISBAHULQURO,69974372,KB,Swasta,Kp. Cibinong Rt 02/01 Ds. Sukamulya,Sukamulya,Cipongkor,-6.930714000000,107.356771600000,1,0,1,3,1
KOBER MURSYIDUL FALAH,70052892,KB,Swasta,Kp. Ciloa RT.02 RW.06,Wangunjaya,Cikalongwetan,.000000000000,.000000000000,30,34,64,5,1
Kober Mutiara Hati,69836137,SPS,Swasta,Pasir Lame,Cikadu,Sindangkerta,-6.999077000000,107.402199000000,11,10,21,3,1
KOBER NABILA,69835777,KB,Swasta,Kp. Cikali Astana,Sindangjaya,Gununghalu,-7.015535200000,107.329758600000,7,10,17,1,1
KOBER NUR SYAMSI,70063351,KB,Swasta,JL CIJAMBE RT 02 RW 01,Cicangkang Hilir,Cipongkor,.000000000000,.000000000000,0,0,0,3,0
KOBER NURUL AMAL,69937361,KB,Swasta,Kp. Sindangsari RT 01 RW 03,Cilangari,Gununghalu,-7.051226000000,107.284016500000,8,2,10,2,1
KOBER NURUL ANWAR,70037415,KB,Swasta,Kp. Cigarung RT. 003 RW. 001,Mekarsari,Cipongkor,-6.937100000000,107.367000000000,24,25,49,4,2
KOBER NURUL FATWA,69835849,KB,Swasta,KP. TANGAN-TANGAN,Bongas,Cililin,-6.972179000000,107.431741000000,6,8,14,2,0
KOBER NURUL HIDAYAH,69836067,KB,Swasta,TAPOS RT/RW 04/01,Sirnaraja,Cipeundeuy,-6.770051000000,107.386465000000,14,18,32,2,1
KOBER NURUL HIKMAH,69973766,KB,Swasta,Kp. Lampegan Rt 05/01 Ds. Wargasaluyu,Wargasaluyu,Gununghalu,-7.014171000000,107.235706300000,9,6,15,3,1
Kober Nurul Huda,69835835,KB,Swasta,Kp. Ciseupan,Puncaksari,Sindangkerta,-6.987800000000,107.400000000000,16,8,24,2,1
KOBER NURUL INSAN,69891488,KB,Swasta,KP CINANGKA RT.001 RW.018,Bunijaya,Gununghalu,-7.159743000000,107.174850000000,30,32,62,4,0
KOBER NURUL KARIM,69835899,KB,Swasta,Pasir Malaka RT 01 RW 03 Desa Neglasari,Neglasari,Cipongkor,-6.956400000000,107.371400000000,6,16,22,2,1
KOBER NURULFALAH,69974206,KB,Swasta,KP. RANCA GEDE RT 03 RW 15,Selacau,Batujajar,-6.913704700000,107.504729100000,15,17,32,3,1
KOBER PAUD AL MADINAH,70055593,KB,Swasta,Kp. Cigentur RT. 003 RW. 010,Kertajaya,Padalarang,.000000000000,.000000000000,9,7,16,2,1
KOBER PELITA BANGSA,70034179,KB,Swasta,PERUMAHAN ALAM SANGGAR INDAH CLUSTER LAVENDER 3 No. 6 RT. 03/ RW. 12,Citapen,Cihampelas,.000000000000,.000000000000,0,0,0,2,0
KOBER PERMATA HATI,69891487,KB,Swasta,Kp. Sampih  RT. 02 / 02,Tamanjaya,Gununghalu,-7.006235100000,107.301031200000,10,9,19,2,3
KOBER RAUDHO TUSHIBIYAN,69835844,KB,Swasta,KP. DENGKENG RT 05 RW 03,Rancapanggung,Cililin,-7.776309000000,110.595160000000,22,24,46,2,1
KOBER RIMBA LESTARI,69835792,KB,Swasta,KP. PASIR JEUNGJING RT. 01 / 21,Gununghalu,Gununghalu,-7.066316300000,107.308145800000,20,8,28,3,2
KOBER ROOFID,70048215,KB,Swasta,Kp. Mokla RT. 2 RW. 13,Cihanjuang Rahayu,Parongpong,.000000000000,.000000000000,11,7,18,1,2
KOBER SIRNAGALIH,69973773,KB,Swasta,Kp. Pasirmalaka Rt 01/04 Ds. Karanganyar,Karanganyar,Cililin,-6.934200000000,107.398200000000,7,10,17,3,1
KOBER SYARIF-HIDAYATULLOH,69835781,KB,Swasta,Kp.Cigentong   RT.01 RW.09,Tamanjaya,Gununghalu,-7.023453100000,107.227654100000,10,13,23,2,0
KOBER TA LIMUSHIBYAN,69835845,KB,Swasta,LEBAK SUMUR RT 04 RW 07,Rancapanggung,Cililin,-6.996225000000,107.439444000000,15,7,22,3,0
KOBER TUNAS HARAPAN,69938980,KB,Swasta,Kp. Talun Rt.01/08,Ciptaharja,Cipatat,-6.832208700000,107.388089900000,31,35,66,2,0
KOBER WADISALAM,69943174,KB,Swasta,Kp. Cibadak Rt.02/ Rw.16,Tamanjaya,Gununghalu,-7.031657600000,107.231079400000,18,28,46,3,2
KOBERAT-TARIQH,69882685,KB,Swasta,CIBURUY,Citalem,Cipongkor,-6.950700000000,107.397900000000,41,19,60,4,0
LESTARI,69836051,KB,Swasta,PONDOK,Pasirlangu,Cisarua,-6.797511300000,107.505578800000,26,26,52,1,1
MANDALA,69836397,SPS,Swasta,KP. CIPEUSING RT. 01 / 13,Mandalamukti,Cikalongwetan,-6.755900000000,107.454900000000,11,13,24,3,1
MANGGIS,69836405,SPS,Swasta,PERUM CIMANGU PERMAI RT. 10 / 04,Cikalong,Cikalongwetan,-6.759728200000,107.452502700000,5,7,12,1,1
Mawar,69891490,KB,Swasta,Kp. Pasir Karamat .Rt.02/08,Puncaksari,Sindangkerta,-6.997800000000,107.410900000000,11,14,25,1,1
MAWAR,69836376,SPS,Swasta,KP. CIPEUTI RT. 02 / 02,Kanangasari,Cikalongwetan,-6.760800000000,107.399200000000,7,4,11,1,1
MEKAR HARAPAN,69836387,SPS,Swasta,LEMBANG DANO RT. 01 / 02,Cipada,Cikalongwetan,-6.775400000000,107.454600000000,18,20,38,3,2
MELATI,69836033,KB,Swasta,Jl. TUGU RT. 01/08 CIHANJUANG RAHAYU,Cihanjuang Rahayu,Parongpong,-6.822200000000,107.577500000000,6,14,20,2,1
MELATI,69836392,SPS,Swasta,CILEULEUY RT. 02 / 07,Cipada,Cikalongwetan,-6.771415000000,107.504793000000,8,11,19,3,1
MELATI,69836124,SPS,Swasta,Kp. Bojong Lame RT.03 RW.15,Cibitung,Rongga,-7.006764900000,107.259158000000,27,23,50,2,1
MELATI,69835771,KB,Swasta,KP. BOJONGLAME,Cibitung,Rongga,-6.998165800000,107.248461600000,28,28,56,4,2
MERPATI,69891603,SPS,Swasta,KP. GADOD RT. 01 / 12,Cipada,Cikalongwetan,-6.762657000000,107.471620000000,12,8,20,1,1
MIFTAHUL FALAH,69836416,SPS,Swasta,KP. TENGGEK RT. 03 / 04,Wangunjaya,Cikalongwetan,-6.726320000000,107.468133000000,27,28,55,4,1
MIFTAHUL FALAH 1,69836414,SPS,Swasta,Parakan Kadu Rt 03 Rw 06,Wangunjaya,Cikalongwetan,-6.770646800000,107.420839300000,4,10,14,2,1
Miftahul Fitri,69835837,KB,Swasta,Kp. Gunung Sanggar RT.03 RW.08,Sindangkerta,Sindangkerta,-5.443757000000,114.421127000000,25,21,46,2,1
Miftahul Huda Al-Barokah,69891587,SPS,Swasta,Kp. Cirawa RT 01 RW 14,Cirawamekar,Cipatat,-6.812325000000,107.383032000000,26,20,46,1,1
MIFTAHUL IMAN,69836076,KB,Swasta,CIJATI RT 03 RW 11,Jatimekar,Cipeundeuy,-6.754807600000,107.363329300000,15,14,29,1,1
MIFTAHUL JANNAH,69835859,KB,Swasta,SUKATANI RT. 03/05,Cililin,Cililin,-6.941000000000,107.457800000000,5,9,14,2,1
MIFTAHUL ULUM,69836378,SPS,Swasta,CIMENTENG RT. 01/ 08,Kanangasari,Cikalongwetan,-6.762200000000,107.410700000000,11,8,19,2,1
MITRA BERSAMA,69836302,SPS,Swasta,KP MOKLA,Cihanjuang Rahayu,Parongpong,-6.806100000000,107.576500000000,5,1,6,0,1
MUKHTARUL HUDA,69836379,SPS,Swasta,KP. CIGENTUR RT. 02 / 01,Mandalasari,Cikalongwetan,-6.761900000000,107.449400000000,17,21,38,3,1
MUTIARA IBU,69835950,KB,Swasta,KP. WARUNG TIWU RT. 02 /16,Citatah,Cipatat,-6.803747900000,107.414698900000,15,14,29,2,1
NURAENI,69836058,KB,Swasta,CIGANDA,Rende,Cikalongwetan,-5.443757000000,114.421127000000,40,47,87,4,1
NURUL ALAM,69836071,KB,Swasta,SINDANG PALAY RT. 001 RW. 010,Sirnaraja,Cipeundeuy,-6.775080000000,107.378654000000,11,10,21,1,2
NURUL FALAH,69835869,KB,Swasta,SAAR MUTIARA RT 03 RW 06,Karangtanjung,Cililin,-5.443757000000,114.421127000000,6,6,12,0,1
NURUL FALAH AL-KAMILAH,69836231,SPS,Swasta,KP. CIMEGA RT. 01/06,Sarinagen,Cipongkor,-6.940917600000,107.360391400000,12,11,23,1,2
NURUL HASANAH,69836412,SPS,Swasta,Perum Mandalasari RT 0 RW 16,Mandalasari,Cikalongwetan,-6.763000000000,107.447000000000,5,3,8,2,1
NURUL HIDAYAH,69836054,KB,Swasta,CIKUBANG RTT. 02/17,Mandalamukti,Cikalongwetan,-6.703676600000,107.451208700000,14,9,23,3,2
NURUL HIKMAH,69836075,KB,Swasta,CILANGKAP,Jatimekar,Cipeundeuy,-6.767107500000,107.378585500000,34,30,64,4,1
NURUL HUDA,69891500,KB,Swasta,Kp. Cirateun RT. 02 / 19,Mukapayung,Cililin,-6.986200000000,107.461600000000,13,23,36,null,null
NURUL HUDA SUKASARI,69836155,SPS,Swasta,KP. CIBODAS RT 02 RW 08,Nanggerang,Cililin,-5.443757000000,114.421127000000,15,6,21,3,0
NURUL KHOIR,69835803,KB,Swasta,RAYA MAJLIS RT. 03 / 13,Celak,Gununghalu,-7.006271000000,107.354648200000,12,12,24,2,1
NUSANTARA,69836032,KB,Swasta,KP. CIBALIGO JL. PLN N0.183 RT. 05/01,Cihanjuang,Parongpong,-6.787566700000,107.586637900000,47,43,90,3,1
PAUD AL-ISTIKOMAH,69836078,KB,Swasta,Kampung Ciwaru Rt 03 Rw 08,Bojongmekar,Cipeundeuy,-6.754577200000,107.367243200000,19,29,48,1,1
PAUD ALHIDAYAH,69836090,KB,Swasta,KP CIJAWA,Sukahaji,Cipeundeuy,-6.731999000000,107.379969000000,12,7,19,2,0
PAUD KOBER KITABUNAA,70054061,KB,Swasta,Komplek Puri Indah Cihampelas Blok E10 No.1 RT. 007 RW. 005,Citapen,Cihampelas,-6.943400000000,107.501000000000,14,18,32,1,1
PAUD MAWAR MELATI III,69836352,SPS,Swasta,JL. TANGKUBAN PERAHU KP. CIBURIAL RT. 03 / 03,Cibogo,Lembang,-6.820485800000,107.627458700000,9,8,17,0,2
PAUDIYAH,69836014,KB,Swasta,KOMP. PADASUKA INDAH II C NO. 25,Gadobangkong,Ngamprah,-6.871568000000,107.521785000000,8,17,25,2,0
PERMATA BUNDA,69836419,SPS,Swasta,KP. CITEMBONG DESA MARGALUYU,Margaluyu,Cipeundeuy,-6.715440900000,107.378228300000,14,15,29,2,1
PERMATA HANJUANG,69836301,SPS,Swasta,KOMP. BUMI HANJUANG,Cihanjuang,Parongpong,-6.815700000000,107.605700000000,11,7,18,2,1
PKBM 368,P9999163,PKBM,Swasta,Jl. Raya Polban Komp. Setra Regenci No.B16,Ciwaruga,Parongpong,.000000000000,.000000000000,36,32,68,4,2
PKBM AL - AZZAM,P2964627,PKBM,Swasta,Kp. Tegallaja Rt.02 Rw.10,Celak,Gununghalu,-6.991300000000,107.348200000000,5,2,7,5,1
PKBM AL HIKMAH,P2964701,PKBM,Swasta,Kp. Cipait,GIRIMUKTI,Saguling,-6.883100000000,107.421500000000,76,36,112,4,1
PKBM AL KAROMAH,P2970330,PKBM,Swasta,Kp. Manapa Rt.01 Rw.04,Karangtanjung,Cililin,-6.942899000000,107.470176000000,94,51,145,5,0
PKBM AL-Barokah,P2964645,PKBM,Swasta,Kp. Pasirnangka,Mekarwangi,Sindangkerta,-6.818300000000,107.445000000000,107,42,149,3,1
PKBM AL-BAYAN,P2964694,PKBM,Swasta,Kp. Cikiray Hilir RT.05 RW.14,Nanggeleng,Cipeundeuy,-6.766100000000,107.355600000000,185,189,374,0,1
PKBM AL-UM INDONESIA,P2964660,PKBM,Swasta,Kp. Cihampelas,Cihampelas,Cihampelas,-6.929362800000,107.534911600000,105,66,171,5,1
PKBM AN-NUR HARAPAN IBU,P2964693,PKBM,Swasta,Kp.Cipanjak Rt.04 Rw.11,Cigugur Girang,Parongpong,-6.845173900000,107.581350100000,128,94,222,2,0
PKBM ANUGRAH,P2964625,PKBM,Swasta,Kp. Cinangka Rt.01 Rw.09,Margalaksana,Cipeundeuy,-6.728600000000,107.339400000000,209,163,372,1,1
PKBM AR-ROSYD ASSAMAD RENDE,P9970451,PKBM,Swasta,Kp. Ciganda  Rt.04 Rw.03,Rende,Cikalongwetan,-6.735500000000,107.398500000000,167,142,309,8,1
PKBM AR-ROZAQ,P9926371,PKBM,Swasta,KP. SINDANGWARGI 02/12 DESA CICANGKANGGIRANG KEC. SINDANGKERTA KAB. BANDUNG BARA,Cicangkang Girang,Sindangkerta,-6.999776000000,107.378879000000,49,28,77,2,0
PKBM ASH-SHODDIQ,P9926439,PKBM,Swasta,Kp. Babakan Bandung Rt.02 Rw.10,Pagerwangi,Lembang,-6.834900000000,107.620900000000,214,224,438,13,4
PKBM AT TAUHID,P9997169,PKBM,Swasta,Kp.Sukaraja No.35 Rt.03 Rw.05,Pasirlangu,Cisarua,.000000000000,.000000000000,217,122,339,1,1
PKBM AZ-ZAHRO,P9998674,PKBM,Swasta,Jl. Stasion Rajamandala No. 01 Kp. Kaum RT.001 RW. 011,Mandalasari,Cipatat,-6.830800000000,107.347400000000,32,16,48,null,null
PKBM AZ-ZAUQINA,P9957018,PKBM,Swasta,Jl. Raya Cililin No.59 Kp. Pasirmeong Rt.03 Rw.04,Cililin,Cililin,-6.978900000000,107.457700000000,95,81,176,3,4
PKBM BAETURAHMAN,P2964709,PKBM,Swasta,Kp. Tugu III Rt.02 Rw.06,Pasirhalang,Cisarua,-6.819800000000,107.573700000000,96,65,161,null,null
PKBM BERDIKARI,P2964700,PKBM,Swasta,Kp. Kawung Luwuk Rt.01 Rw.01,Sukamanah,Rongga,-6.987900000000,107.279700000000,80,106,186,4,2
PKBM BHINA SWAKARYA,P2964666,PKBM,Swasta,Jl. Raya Batujajar Timur No. 223 Rt.01 Rw.09,Batujajar Timur,Batujajar,-6.915200000000,107.496400000000,171,137,308,4,1
PKBM Bina Bangsa Berkarakter,P9957021,PKBM,Swasta,Kampung Cilimus Rt.02 Rw.03,Padaasih,Cisarua,-6.821100000000,107.561600000000,20,30,50,13,1
PKBM BINA INSANI,P2964712,PKBM,Swasta,Kp. Cibolang RT.005 RW.003,Sadangmekar,Cisarua,-6.819800000000,107.573700000000,203,148,351,3,1
PKBM BINA TERAMPIL MANDIRI,P2964699,PKBM,Swasta,Jl. Mekartani No.164 Rt.04 Rw.05,Kertawangi,Cisarua,-6.800400000000,107.572100000000,41,36,77,11,2
PKBM BINAKARYA,P2964643,PKBM,Swasta,Kp. Nyenang Rt. 02 Rw. 03,Nyenang,Cipeundeuy,-6.697500000000,107.365300000000,39,22,61,1,2
PKBM CAHAYA KAHURIPAN BANGSA,P9957033,PKBM,Swasta,Jl. Maribaya No.1 Ruko Central Blok B-6 Rt.01 Rw.01,Jayagiri,Lembang,-6.814500000000,107.623500000000,350,306,656,6,1
PKBM CERIA,P2971198,PKBM,Swasta,Jl. Dago Giri No. 90 RT. 001 RW. 006,Mekarwangi,Lembang,.000000000000,.000000000000,0,0,0,1,0
PKBM CITATAH ENDAH,P2964359,PKBM,Swasta,Kp. Cicocok Rt.03 Rw.03,Citatah,Cipatat,-6.835700000000,107.427400000000,318,204,522,4,1
PKBM CIWANGUN SEJAHTERA,P2964127,PKBM,Swasta,Kp. Cisauheun Rt. 03 Rw. 03,Sukahaji,Cipeundeuy,-6.697500000000,107.365300000000,16,8,24,2,1
PKBM FATHUL ULUM,P9999694,PKBM,Swasta,Kp. Pojok RT. 003 RW. 011,Situwangi,Cihampelas,-6.956000000000,107.497400000000,85,67,152,4,4
PKBM GEGER SUNTEN,P2964711,PKBM,Swasta,Jl. Maribaya Timur KM.13 Kp. Cibodas Rt.03/05,Suntenjaya,Lembang,-6.828400000000,107.697900000000,48,37,85,10,2
PKBM HUSNUL KHOTIMAH,P2964508,PKBM,Swasta,Kp. Sinar Mukti Rt.03 Rw.3,Selacau,Batujajar,-6.895282000000,107.430134000000,185,75,260,9,3
PKBM INSAN MANDIRI,P9970291,PKBM,Swasta,Kp. Sukaratu RT.03 RW.02 Desa Celak Kec. Gununghalu,Celak,Gununghalu,-7.010900000000,107.342900000000,132,125,257,2,0
PKBM JAYAGIRI,P2964696,PKBM,Swasta,Jl. Jayagiri No.93 Rt.03 Rw.13,Jayagiri,Lembang,-6.811500000000,107.617200000000,95,66,161,4,2
PKBM KENCANA,P2964318,PKBM,Swasta,KP. CIKADU RT.03 RW.14,Ciburuy,Padalarang,-6.829100000000,107.467400000000,114,61,175,3,0
PKBM KONENGSARI,P2964708,PKBM,Swasta,Kp.Warung Awi Rt.04 Rw.07,Bojongkoneng,Ngamprah,-6.822919000000,107.480838000000,147,104,251,4,1
PKBM LAM ALIF,P2964635,PKBM,Swasta,Jl. Ciraja Rt.02 Rw.04,Mandalasari,Cikalongwetan,-6.766800000000,107.452600000000,217,153,370,1,0
PKBM MANDIRI SEJAHTERA,P2964710,PKBM,Swasta,Kp. Cicalengka RT.003 RW.004,Mekarmukti,Cihampelas,-6.931800000000,107.464500000000,83,49,132,0,1
PKBM MEKAR SARI,P2964356,PKBM,Swasta,LETKOL GA MANULANG NO.63 RT.02 RW.04,Padalarang,Padalarang,-6.840800000000,107.481300000000,54,32,86,6,4
PKBM MELATI 01,P2964665,PKBM,Swasta,Kp. Cibinong Rt. 01 Rw. 01,Tanjungwangi,Cihampelas,-6.952300000000,107.483700000000,88,83,171,3,1
PKBM MITRA INSANI,P9957019,PKBM,Swasta,Jl. Paris Ipis Rt.02 Rw.17,Jayagiri,Lembang,-6.795224000000,107.660681700000,51,39,90,1,1
PKBM Nurul Amanah,P2964931,PKBM,Swasta,Kp. Cihamirung Rt.01 Rw.01,Sukamulya,Cipongkor,-6.943173000000,107.366055000000,166,125,291,8,2
PKBM PELANGI,P2964713,PKBM,Swasta,Kp. Pasar Rt.03 Rw.09,Pataruman,Cihampelas,-6.939900000000,107.512500000000,29,43,72,2,2
PKBM ROSADA,P2964644,PKBM,Swasta,Kp. Pasirteureup Rt.02 Rw.03,Cijenuk,Cipongkor,-6.974070700000,107.380911500000,96,69,165,2,0
PKBM SAKOLA DESA,P9999580,PKBM,Swasta,Kp. Gembong RT. 004 RW. 012,Rancapanggung,Cililin,-7.002100000000,107.436700000000,339,306,645,1,1
PKBM SAMBA INSAN NUSANTARA,P9996589,PKBM,Swasta,"Kp. Sindangkerta, Rt. 02, Rw. 02",Cintakarya,Sindangkerta,-6.979000000000,107.415800000000,125,127,252,5,1
PKBM SIROJUL MUSLIMIN,P9999648,PKBM,Swasta,KP. LANGEU RT.03 RW.12 DESA CIBITUNG,Cibitung,Rongga,.000000000000,.000000000000,120,122,242,5,0
PKBM SUKABARU,P2964702,PKBM,Swasta,Kp. Babakan RT.01 RW.09,Cigugur Girang,Parongpong,-6.802400000000,107.598400000000,57,54,111,4,2
PKBM USWATUN HASANAH,P2964684,PKBM,Swasta,Kp. Cilimus Rt.01 Rw.01,CIKANDE,Saguling,-6.866940000000,107.442320000000,10,9,19,2,1
POS PAUD AL LUQMAN,69891597,SPS,Swasta,MARIBAYA RT. 03 RW. 01,Kayuambon,Lembang,-6.829134300000,107.713342800000,14,7,21,3,1
POS PAUD AL MUNAWWAROH,69836336,SPS,Swasta,KP. MANOKO RT. 04 /03,Cikahuripan,Lembang,-6.802900000000,107.609500000000,14,9,23,3,1
POS PAUD AL-INAYAH,69836269,SPS,Swasta,Kp. Kutalaksana Rt 02/02 Ds. Mandalawangi,Mandalawangi,Cipatat,-6.809232300000,107.365336900000,23,14,37,2,1
POS PAUD AMARILIS,69836328,SPS,Swasta,JL. MAMA ADIWARTA RT. 03/RW. 12,Lembang,Lembang,-6.819287000000,107.621101000000,5,4,9,3,2
POS PAUD ANGGREK MEKAR,69836329,SPS,Swasta,MURHADI KP.SUKAJADI RT. 03 / 02,Lembang,Lembang,-6.811251000000,107.617924000000,15,21,36,4,4
POS PAUD ANGGREK VII,69836356,SPS,Swasta,KP. CIKOLE RT. 02 / 07,Cikole,Lembang,-6.821186500000,107.693212400000,19,30,49,2,3
POS PAUD ASTER,69836299,SPS,Swasta,BOTANI RAYA,Tanimulya,Ngamprah,-6.860600000000,107.523200000000,10,10,20,2,1
POS PAUD BARKATUL HUDA,69891600,SPS,Swasta,Kp. Cikareumbi RT. 03 RW. 04,Cikidang,Lembang,-6.818470300000,107.703486700000,15,22,37,2,1
POS PAUD BHAYANGKARA CERIA,69836330,SPS,Swasta,SUKAMANTRI NO.01 RT. 01 / RW. 06,Lembang,Lembang,-6.815648000000,107.617589000000,17,15,32,2,4
Pos Paud Cempaka,69967350,SPS,Swasta,Jl. Dirawinata Kp. Cukangkawung Rt 01/XI,Tanimulya,Ngamprah,-6.854000000000,107.532400000000,24,19,43,3,1
POS PAUD GRAHA ROSELLA,69836295,SPS,Swasta,GRAHA BUKIT RAYA,Cilame,Ngamprah,-6.855000000000,107.523300000000,8,7,15,5,2
POS PAUD HARAPAN BUNDA 04,69836315,SPS,Swasta,CIJENGKOL RT. 03 /04,Wangunsari,Lembang,-6.848900000000,107.606500000000,36,34,70,3,1
POS PAUD HARAPAN BUNDA 11,69836310,SPS,Swasta,KP. ARENG RT.03/12,Wangunsari,Lembang,-6.806089100000,107.646315000000,9,16,25,2,1
POS PAUD HARAPAN BUNDA 14,69836312,SPS,Swasta,CIRATEUN PEUNTAS RT.02 / RW.13,Wangunsari,Lembang,-6.822927800000,107.652551600000,22,11,33,5,1
POS PAUD JERUK MANIS,69836327,SPS,Swasta,CIJERUK RT. 04 / RW. 08,Lembang,Lembang,-6.823900000000,107.624100000000,17,23,40,4,3
POS PAUD KASTURI,69836337,SPS,Swasta,KP. BARUNAGRI RT. 02 /03,Sukajaya,Lembang,-6.788480100000,107.614934000000,11,15,26,2,1
POS PAUD KENANGA,69967483,SPS,Swasta,Jl. Bunisari Rt.02/11,Gadobangkong,Ngamprah,-6.869885000000,107.515565000000,9,4,13,2,1
POS PAUD KENANGA MEKAR,69836320,SPS,Swasta,KP. BUNIWANGI,Mekarwangi,Lembang,-6.840454200000,107.601725900000,16,7,23,2,1
POS PAUD KENARI,69836247,SPS,Swasta,JL. DESA BLOK PASANTREN NO. 11,Batujajar Barat,Batujajar,-6.919500000000,107.492700000000,8,17,25,4,1
POS PAUD KUNCUP HARAPAN CERIA,69836333,SPS,Swasta,GG. MINATU RT. 03 / RW.01,Lembang,Lembang,-6.812724000000,107.614598000000,12,10,22,3,3
POS PAUD MELATI,69836287,SPS,Swasta,BUNISARI KULON,Gadobangkong,Ngamprah,-6.868961000000,107.510834000000,3,8,11,0,2
POS PAUD MELATI 01 DARUL AZHAR,69836344,SPS,Swasta,JL. WEDANA NO 130 RT.03/01,Jayagiri,Lembang,-6.811400000000,107.622000000000,10,6,16,3,1
POS PAUD MELATI 02,69836349,SPS,Swasta,SUKAHAJI NO. 100 RT. 02 RW. 02,Jayagiri,Lembang,-6.795116500000,107.610961900000,10,8,18,0,1
POS PAUD MELATI 08,69836347,SPS,Swasta,KP.GENTENG RT.03/08,Jayagiri,Lembang,-6.819129300000,107.705311300000,16,17,33,3,2
POS PAUD MELATI 09 JAYAGIRI,69836345,SPS,Swasta,PONDOK BUAH BATU RT. 03 / 09,Jayagiri,Lembang,-6.787217500000,107.635804500000,6,9,15,2,1
POS PAUD MELATI CERIA,69836362,SPS,Swasta,KP. SUKAMULYA RT. 01 / 02,Cibodas,Lembang,-6.828389000000,107.663870000000,0,0,0,0,1
POS PAUD MELATI PAGERWANGI,69836317,SPS,Swasta,SUKANAGARA NO.9 RT.02/RW.04,Pagerwangi,Lembang,-6.788900000000,107.612666800000,46,47,93,2,1
POS PAUD MUTIARA BUNDA,69836338,SPS,Swasta,PAMECALAN/KOLMAS RT. 01 / 04,Sukajaya,Lembang,-6.837356500000,107.649119800000,10,12,22,1,1
POS PAUD MUTIARA CERIA,69836332,SPS,Swasta,KP. SUKAMANDI JL. MUTIARA II RT. 01/05,Lembang,Lembang,-6.817280000000,107.620692000000,14,12,26,2,2
Pos Paud Nurul Ihsan,69836266,SPS,Swasta,Kp.Sugihmukti Rt.02 / 12,Kertamukti,Cipatat,-6.870280400000,107.347342800000,22,14,36,3,1
POS PAUD NURUL ILMI,69836319,SPS,Swasta,PAGERMANEUH RT. 03 RW. 07,Pagerwangi,Lembang,-6.840700000000,107.621500000000,9,14,23,3,1
POS PAUD PELANGI SARIMUKTI,69836268,SPS,Swasta,KP. JATI RT 01 RW 01,Sarimukti,Cipatat,-6.813600000000,107.343800000000,33,33,66,2,1
POS PAUD PLAMBOYAN 11,69836324,SPS,Swasta,KP. SUKAMAJU TIMUR RT. 02 /11,Kayuambon,Lembang,-6.821058300000,107.674885500000,31,33,64,5,2
POS PAUD PUSTAKA CERIA,69836314,SPS,Swasta,WANGUNSARI RT. 04 RW. 05,Wangunsari,Lembang,-6.845915000000,107.607527000000,13,11,24,4,3
POS PAUD SEKARWANGI 13,69836303,SPS,Swasta,"Jl. Raya Lembang Km 11,5 Kp. cihideung RT 01/13",Gudangkahuripan,Lembang,-6.803900000000,107.673000000000,13,19,32,5,0
Pos Paud TABUCI,69967968,SPS,Swasta,Komplek Taman Bunga Cilame Blok 3 No. 9 Rt 1/23,Cilame,Ngamprah,-6.849742000000,107.512727000000,6,2,8,2,2
POS PAUD TERPADU KARTINI PKM WADAH CIBODAS,69962133,SPS,Swasta,jl. maribaya timur kp. babakan jati rt.04 rw.05,Cibodas,Lembang,-6.823800000000,107.682400000000,11,24,35,2,1
POS PAUD TUNAS CERIA,69836321,SPS,Swasta,MARIBAYA N0 292 KM 3,Langensari,Lembang,-6.827004000000,107.643592000000,6,18,24,3,1
POS PAUD TUNAS HARAPAN 1,69836366,SPS,Swasta,JL. MARIBAYA TIMUR KP. PATROL RT. 01 / 06,Suntenjaya,Lembang,-6.829284000000,107.704682000000,13,9,22,4,1
POS PAUD TUNAS HARAPAN II,69836367,SPS,Swasta,MARIBAYA TIMUR,Suntenjaya,Lembang,-6.826046000000,107.698846000000,6,10,16,4,2
POS PAUD TUNAS HARAPAN III,69836368,SPS,Swasta,DAGO RT. 01 RW. 17,Suntenjaya,Lembang,-6.824171000000,107.694511000000,11,14,25,2,2
POS PAUD WIJAYA KUSUMA,69836323,SPS,Swasta,JL/ WIJAYA NO. 4 RT.02 RW.03,Kayuambon,Lembang,-6.785806400000,107.656321500000,10,14,24,3,1
PUSPA MEKAR,69836163,SPS,Swasta,NUNUK,Cililin,Cililin,-6.944812000000,107.458281000000,23,19,42,1,1
RAUDHATUL KASYFI AL HUDA,69835840,KB,Swasta,BOBOJONG,Mukapayung,Cililin,-6.981090000000,107.437491000000,13,24,37,3,1
Riyadhul Balaghoh,69836151,SPS,Swasta,Kp. Tanjungsari,Pasirpogor,Sindangkerta,-6.705538000000,108.384000000000,12,8,20,2,1
RIYADUL BIDAYAH,69835914,KB,Swasta,KP LAMPING RT 01 RW 01,Sirnagalih,Cipongkor,-6.942257100000,107.384782000000,24,18,42,2,1
RIYADUL MUTAQIN,69836156,SPS,Swasta,KP. POPONCOL RT 01/07,Mukapayung,Cililin,-6.986879700000,107.440416100000,24,17,41,1,1
ROEMAH PELANGI,69836296,SPS,Swasta,KOMPLEK BUMIPAKUSARAKAN II BLOK D NO 3,Tanimulya,Ngamprah,-6.860413000000,107.528711000000,7,10,17,2,1
ROJAUL HIDAYAH,69836145,SPS,Swasta,KP. CIAWITALI RT. 03 / 14,Cicangkang Girang,Sindangkerta,-7.038218700000,107.448582700000,21,18,39,3,1
SABILILMUTTAQIN,69835858,KB,Swasta,SUMUR BANDUNG,Cililin,Cililin,-7.020975500000,107.447384300000,0,0,0,1,0
SALAK MANIS,69835954,KB,Swasta,KP. SELAJAMBE RT. 04 / 13,Citatah,Cipatat,-6.844493500000,107.397216100000,33,42,75,5,1
SAMUDRA KIDS,69836084,KB,Swasta,LEBAK WISATA RW. 06,Cipeundeuy,Cipeundeuy,-6.794434000000,107.382247000000,16,15,31,1,0
SARTIKA,69835878,KB,Swasta,CIRIRIP,Mukapayung,Cililin,-6.986955000000,107.439101000000,25,24,49,4,1
SATU ATAP SDN 2 CIJAWA,69891480,TK,Swasta,Jl. Sukahaji RT 01/ RW 01,Sukahaji,Cipeundeuy,-6.733500000000,107.365800000000,21,31,52,1,1
SATU ATAP SDN 3 GUNUNGHALU,69891452,TK,Swasta,Kp. Legokkondang,Sirnajaya,Gununghalu,-7.031708000000,107.308521000000,25,23,48,2,0
SAWO MANIS,69835949,KB,Swasta,KP. CITATAH,Citatah,Cipatat,-6.810459300000,107.383122100000,42,38,80,4,1
SD ADVENT PARONGPONG,20227510,SD,Swasta,"Jl. Kolonel Masturi Km 6,5 RT. 01 RW.14",Cihanjuang Rahayu,Parongpong,-6.804600000000,107.578200000000,48,37,85,9,1
SD AL AZHAR SYIFA BUDI PARAHYANGAN,20252014,SD,Swasta,Jl. Raya Cimareme No.340,Cimareme,Ngamprah,-6.861600000000,107.501400000000,230,257,487,26,1
SD AL QURAN BINA MULYA,70025412,SD,Swasta,Jl. Lingkungan Kampung Cijerah RT 001 RW 003,Tanimulya,Ngamprah,.000000000000,.000000000000,260,229,489,37,2
SD ALAM QURAN NUR MADANI,70040071,SD,Swasta,Kp. Tutugan No. 294 Rt.001 Rw.006,Cihanjuang Rahayu,Parongpong,-6.830295000000,107.569675000000,131,116,247,11,4
SD ALAM QURANI,70046494,SD,Swasta,KP.CIKAWUNG RT.03 RW.08,Sukamulya,Cipongkor,.000000000000,.000000000000,5,4,9,4,1
SD ALAM SACITA,70050786,SD,Swasta,Jl. Rancakuda RT. 004 RW. 002,Citapen,Cihampelas,-6.931700000000,107.490100000000,32,16,48,7,3
SD AMAL KELUARGA,20267606,SD,Swasta,Jl. Cigugur Girang No.297 RT.04 RW.05,Cigugur Girang,Parongpong,-6.803300000000,107.595000000000,60,51,111,8,1
SD ARAFAH,20206672,SD,Swasta,Kp. Pasirjati,Mukapayung,Cililin,-6.997200000000,107.472400000000,76,84,160,11,2
SD ASSALAM,69995779,SD,Swasta,Kp. Cidadap RT.05 RW.05,Mekarwangi,Sindangkerta,-6.981557400000,107.406332100000,45,46,91,7,1
SD BINA MULIA MANDIRI,20279852,SD,Swasta,Komplek Permata Cimahi Blok  P8 No. 12A RT.08 RW.05,Tanimulya,Ngamprah,-6.862500000000,107.519900000000,52,60,112,8,1
SD BINA PERSADA,70042885,SD,Swasta,Jl. Gelapnyawang 5A RT.03 RW.011,Cipeundeuy,Padalarang,.000000000000,.000000000000,13,7,20,1,0
SD DAARUL FIKRI,20228186,SD,Swasta,"Komplek Cibaligo Permai, Jl. Daarul Fikri No. 02  RT.06 RW.02",Cihanjuang,Parongpong,-6.857000000000,107.571100000000,105,99,204,13,3
SD DAARUT TAUHIID,69991621,SD,Swasta,JL. Cigugur Girang No.33 Kp. pangsor RT.03 RW.07,Cigugur Girang,Parongpong,-6.856910400000,107.576823100000,194,154,348,22,8
SD DAMIAN SCHOOL,69786291,SD,Swasta,JL. Gurugantangan Kav.1 Blok A Kota Baru Parahyangan,Cipeundeuy,Padalarang,-6.872600000000,107.470200000000,49,37,86,7,5
SD FIRDAUS PERCIKAN IMAN,60730353,SD,Swasta,Jl. Bukit Firdaus No.9 Komp. Geger Kalong Permai  RT.07  RW.07,Ciwaruga,Parongpong,-6.858800000000,107.579200000000,121,110,231,12,3
SD FUN KIDS,69965932,SD,Swasta,KOMPLEK PURI BUDI ASRI BLOK C NO.6-7,Cihanjuang,Parongpong,-6.851871000000,107.572068000000,45,50,95,9,2
SD GEMILANG MUTAFANNIN,20231472,SD,Swasta,Jln Raya Gadobangkong No 167/B  RT.01 RW.06,Cimareme,Ngamprah,-6.865800000000,107.512400000000,151,101,252,12,2
SD GLOBAL NUSANTARA,70007473,SD,Swasta,"Jl G.A Manulang, No.226",Jayamekar,Padalarang,-6.850900000000,107.469700000000,26,16,42,3,2
SD INTERAKTIF ABDUSSALAM,20258189,SD,Swasta,Jl. Cihanjuang Cibaligo No.17  RT.10 RW.01,Cihanjuang,Parongpong,-6.860800000000,107.564000000000,90,75,165,17,5
SD ISLAM TERPADU FIRDAUS,69985989,SD,Swasta,Jl. Raya lembang KM.13.1 RT.03 RW.06,Gudangkahuripan,Lembang,-6.830000000000,107.606200000000,76,71,147,13,4
SD IT AL AMANAH,20267595,SD,Swasta,Jl Lapang Rt.01/11,Cibogo,Lembang,-6.808800000000,107.649500000000,148,147,295,13,3
SD IT AL ISTIQOMAH,69995876,SD,Swasta,Kp. Babakan RT 04 RW 05,Cijambu,Cipongkor,-6.930900000000,107.331700000000,63,73,136,4,2
SD IT AN-NUUR,70037622,SD,Swasta,Jl. Cipanjak No.02 RT.04/11,Cigugur Girang,Parongpong,-6.845200000000,107.583400000000,101,64,165,11,2
SD IT AT-TOYYIBAH,70012085,SD,Swasta,Kp. Ciempo RT 02 RW 08,Karanganyar,Cililin,.000000000000,.000000000000,31,35,66,4,1
SD IT DARUNNAJAH,69966324,SD,Swasta,Jl. ladar Kp. Ciptakarya RT.05 RW.07,Laksanamekar,Padalarang,-6.884182000000,107.508568000000,41,35,76,5,2
SD IT FITHRAH INSANI,20227530,SD,Swasta,Jl. Simbiosis No.2  H Gofur Tanimulya   RT.03 RW.15,Tanimulya,Ngamprah,-6.861000000000,107.523900000000,393,377,770,41,8
SD IT GITA ISLAMIC SCHOOL,69761835,SD,Swasta,Jl. Grand Hotel No. 44a,Lembang,Lembang,-6.816600000000,107.619700000000,16,21,37,5,3
SD IT HIDAYATUL MUSTOFA,70038956,SD,Swasta,Kp. Tambakan Rt.001 Rw.004,Cipatik,Cihampelas,6.656200000000,107.301100000000,18,23,41,2,2
SD IT MADINATUL ULUM,69918870,SD,Swasta,JL. KARYAWANGINO.69 RT.01 RW.05,Karyawangi,Parongpong,-6.817000000000,107.582500000000,134,122,256,11,1
SD IT PERMATA,69950748,SD,Swasta,KP. PANGHEOTAN RT.01 RW.16,Mandalamukti,Cikalongwetan,-6.747842000000,107.444002000000,54,52,106,8,3
SD IT SIRNAGALIH,69964837,SD,Swasta,KP. PAPASIRAN RT.04 RW.03,Sirnagalih,Cipongkor,-6.911100000000,107.320900000000,116,108,224,10,1
SD KARAKTER SABILUL ILMY,70030309,SD,Swasta,Kp. Sukamulya RT.002 RW.025,Padalarang,Padalarang,-6.843300000000,107.478100000000,89,82,171,8,2
SD KARTIKA X-3,20228189,SD,Swasta,Jl. Kol. Masturi  RT.03 RW.11 Ds. Karyawangi Parongpong,Karyawangi,Parongpong,-6.802400000000,107.583300000000,238,233,471,28,7
SD KHAS DAARUL YAUMI,70040185,SD,Swasta,Taman Bunga Cilame A2 No.17,Cilame,Ngamprah,-6.850919000000,107.510168000000,30,31,61,5,1
SD KHOIRUR ROOZIQIIN,70055952,SD,Swasta,Jl. Raya Cimareme RT. 001 RW. 002,Cimareme,Ngamprah,-6.863100000000,107.504600000000,30,31,61,6,4
SD MUSLIMIN PEUSING,20270308,SD,Swasta,KP. PEUSING TENGAH RT.004 RW.003,Sindangkerta,Sindangkerta,-6.982800000000,107.412000000000,44,31,75,6,2
SD N 3 RANCAPANGGUNG,20206314,SD,Negeri,Jln. Terusan PLTA Saguling Cijenuk Kp. Pasirpanjang,Rancapanggung,Cililin,-6.966900000000,107.424200000000,167,157,324,16,2
SD N BOJONGWANGI,20206919,SD,Negeri,Kp. Situhiang,Mukapayung,Cililin,-6.983100000000,107.436300000000,73,48,121,8,1
SD NEGERI  2 GUNUNGMASIGIT,20205561,SD,Negeri,Kp. Rancamoyan RT.03 RW.14,Gunungmasigit,Cipatat,-6.819300000000,107.433100000000,109,104,213,8,2
SD NEGERI  GUDANG KAHURIPAN,20207696,SD,Negeri,Jl. Raya Lembang No. 14,Gudangkahuripan,Lembang,-6.838800000000,107.598500000000,166,198,364,15,4
SD NEGERI  LEMBANG,20205734,SD,Negeri,Jl. Pasar Raya Panorama,Lembang,Lembang,-6.825200000000,107.627500000000,315,242,557,24,3
SD NEGERI  MASWATI,20205143,SD,Negeri,Jalan Perkebunan Maswati  RT.02 RW.07,Kanangasari,Cikalongwetan,-6.761900000000,107.407300000000,107,78,185,6,2
SD NEGERI  TUNAS KARYA,20205908,SD,Negeri,Perkebunan Sukawana  RT.01 RW.12,Karyawangi,Parongpong,-6.784000000000,107.587000000000,33,34,67,7,1
SD NEGERI 1 BABAKANTALANG,20206702,SD,Negeri,Kp. Cigombong RT.4 RW.13,Cibedug,Rongga,-7.008700000000,107.278600000000,48,44,92,7,2
SD NEGERI 1 BOJONG,20207005,SD,Negeri,Jl. Pasar Bojong No.56 RT.3 RW.4,Bojong,Rongga,-6.986500000000,107.275600000000,95,62,157,7,2
SD NEGERI 1 BUNIJAYA,20207989,SD,Negeri,Jl. Raya Bunijaya RT.02 RW.03,Bunijaya,Gununghalu,-7.008900000000,107.274600000000,60,47,107,6,2
SD NEGERI 1 CELAK,20208027,SD,Negeri,Kp. Jambuhala RT.01 RW.02,Celak,Gununghalu,-7.006500000000,107.207400000000,129,96,225,11,2
SD NEGERI 1 CIBACANG,20208037,SD,Negeri,Kp Garunggang Rt 04 rw 10,Cipeundeuy,Padalarang,-6.874400000000,107.476400000000,65,60,125,6,2
SD NEGERI 1 CIBEDUG,20207995,SD,Negeri,Kp. Nunuk RT. 03 RW. 05,Cibedug,Rongga,-7.004900000000,107.266100000000,53,51,104,8,1
SD NEGERI 1 CIBENDA,20208003,SD,Negeri,Jl.AMD No. 50 Kp. Petir RT.02 RW.05,Cibenda,Cipongkor,-6.940900000000,107.324000000000,174,187,361,12,2
SD NEGERI 1 CIBODAS,20207844,SD,Negeri,Jl. Maribaya Timur No. 100,Cibodas,Lembang,-6.824900000000,107.686400000000,229,205,434,15,2
SD NEGERI 1 CIBOGO,20207853,SD,Negeri,Jl. Tangkuban Perahu No.87,Cibogo,Lembang,-6.812400000000,107.634800000000,34,48,82,4,1
SD NEGERI 1 CIBURUY,20207930,SD,Negeri,Jl.Raya Ciburuy No.292,Ciburuy,Padalarang,-6.834200000000,107.468500000000,222,225,447,17,4
SD NEGERI 1 CICANGKANGGIRANG,20207907,SD,Negeri,Kp. Sukasari,Cicangkang Girang,Sindangkerta,-6.994600000000,107.385400000000,228,193,421,14,1
SD NEGERI 1 CICANGKANGHILIR,20207882,SD,Negeri,"Jl. PLTA Saguling, Kp Wareng RT. 004/ RW. 004",Sukamulya,Cipongkor,-6.952814000000,107.402565000000,118,125,243,10,5
SD NEGERI 1 CIHAMPELAS,20208143,SD,Negeri,Jl. Raya Cihampelas No 29,Mekarmukti,Cihampelas,-6.929400000000,107.475600000000,420,383,803,31,3
SD NEGERI 1 CIHARASHAS,20208221,SD,Negeri,Jln. Ciloa No.80 RT.02 RW.02,Mekarsari,Ngamprah,-6.842600000000,107.501300000000,136,129,265,10,3
SD NEGERI 1 CIJAWA,20208204,SD,Negeri,Kp. Cijawa RT.01 RW.08,Sukahaji,Cipeundeuy,-6.735100000000,107.378100000000,175,166,341,13,5
SD NEGERI 1 CIJENUK,20208188,SD,Negeri,Kp.Cijenuk,Cijenuk,Cipongkor,-6.961100000000,107.378100000000,34,19,53,6,1
SD NEGERI 1 CIKALONGWETAN,20208084,SD,Negeri,Jl. Cikalong Cipeundeuy RT.02 RW.02,Cikalong,Cikalongwetan,-6.735500000000,107.435400000000,203,183,386,14,2
SD NEGERI 1 CIKIDANG,20208120,SD,Negeri,Kp. Cikareumbi,Cikidang,Lembang,-6.808300000000,107.670600000000,183,177,360,16,2
SD NEGERI 1 CILANGARI,20208103,SD,Negeri,Kp. Tegalega  RT.002 RW.008,Cilangari,Gununghalu,-7.039800000000,107.295600000000,85,77,162,8,1
SD NEGERI 1 CILEDUG,20207578,SD,Negeri,Jl. Dirawinata No. 4,Tanimulya,Ngamprah,-6.854100000000,107.532600000000,353,325,678,21,2
SD NEGERI 1 CILILIN,20207576,SD,Negeri,Jalan Raya Alun-Alun Timur No. 1,Cililin,Cililin,-6.951700000000,107.457800000000,206,208,414,15,3
SD NEGERI 1 CILUMBER,20207538,SD,Negeri,Kp. Cilumber  RT 04  RW 07 Desa Cibogo Kecamatan Lembang,Cibogo,Lembang,-6.805200000000,107.640700000000,174,157,331,15,2
SD NEGERI 1 CIMAREL,20207541,SD,Negeri,Kp. Cimarel RT.1 RW.17,Sukaresmi,Rongga,-6.948200000000,107.271800000000,99,106,205,8,1
SD NEGERI 1 CIMAREME,20207550,SD,Negeri,Jln. Raya Cimareme No.314  RT.02 RW.01,Cimareme,Ngamprah,-6.860900000000,107.500800000000,160,156,316,13,2
SD NEGERI 1 CIMERANG,20207610,SD,Negeri,Jl. RAYA BATUJAJAR,Laksanamekar,Padalarang,-6.876100000000,107.504000000000,225,224,449,16,2
SD NEGERI 1 CIPADA,20207596,SD,Negeri,Jl. Desa Cipada No.18 RT.02 RW.02,Cipada,Cisarua,-6.777800000000,107.524300000000,160,173,333,10,3
SD NEGERI 1 CIPADANGMANAH,20207594,SD,Negeri,Kp. Cipadangmanah,Padalarang,Padalarang,-6.838800000000,107.470600000000,92,109,201,7,1
SD NEGERI 1 CIPANAS,20207477,SD,Negeri,Jln. Curug Panganten No.74,Padaasih,Cisarua,-6.854700000000,107.560400000000,127,143,270,10,1
SD NEGERI 1 CIPATAT,20207431,SD,Negeri,Jl. Raya Cipatat No.79 RT.01 RW.04,Ciptaharja,Cipatat,-6.827400000000,107.378600000000,111,122,233,12,1
SD NEGERI 1 CIPATIK,20207453,SD,Negeri,Jl.raya Cipatik (BBS),Cipatik,Cihampelas,-6.935800000000,107.504100000000,355,347,702,22,4
SD NEGERI 1 CIPEUNDEUY,20207443,SD,Negeri,Jl. Tembokan No.7,Cipeundeuy,Padalarang,-6.858800000000,107.498300000000,125,113,238,7,2
SD NEGERI 1 CIPEUNDEUY,20207511,SD,Negeri,Jl Raya Cipeundeuy no 08 RT 01 RW 10,Cipeundeuy,Cipeundeuy,-6.739900000000,107.361400000000,234,250,484,22,4
SD NEGERI 1 CIPONGKOR,20207524,SD,Negeri,Jl PLTA Saguling No.586 RT.01 RW.03,Mekarsari,Cipongkor,-6.952900000000,107.364100000000,108,114,222,8,2
SD NEGERI 1 CIRAJA,20207487,SD,Negeri,Kp. Ciraja RT.03 RW.08,Sirnaraja,Cipeundeuy,-6.769700000000,107.383400000000,65,62,127,7,1
SD NEGERI 1 CISANDAWUT,20207759,SD,Negeri,Kp. Malaka,Sindangkerta,Sindangkerta,-6.991200000000,107.423700000000,122,142,264,8,2
SD NEGERI 1 CISAUHEUN,20207753,SD,Negeri,Jl. Cirata RT. 02 RW. 01,Ciroyom,Cipeundeuy,-6.707600000000,107.355200000000,112,119,231,7,4
SD NEGERI 1 CISOMANG,20207766,SD,Negeri,Kp.Babakan Mekar RT.01 RW.10,Wangunjaya,Cikalongwetan,-6.720700000000,107.464900000000,256,264,520,20,2
SD NEGERI 1 CURUG AGUNG,20207793,SD,Negeri,Kp. Curug Agung,Kertajaya,Padalarang,-6.844700000000,107.498400000000,259,253,512,17,2
SD NEGERI 1 EKACITA,20207669,SD,Negeri,Kp. Cibanggala  RT.03 RW.12,Puteran,Cikalongwetan,-6.702300000000,107.397900000000,80,72,152,7,1
SD NEGERI 1 GIRIWANGI,20207677,SD,Negeri,Kp.pasirteureup,Cijenuk,Cipongkor,-6.973600000000,107.381700000000,103,68,171,8,4
SD NEGERI 1 GUNUNG BENTANG,20207693,SD,Negeri,Kp. Gunung Bentang Rt. 03 Rw. 16,Jayamekar,Padalarang,-6.856100000000,107.458200000000,104,117,221,8,1
SD NEGERI 1 GUNUNGHALU,20205546,SD,Negeri,Jl. Raya Gununghalu No. 635 RT.02 RW.02,Sirnajaya,Gununghalu,-7.025000000000,107.313500000000,161,165,326,16,3
SD NEGERI 1 JAMBUDIPA,20205606,SD,Negeri,Jln. S Soebaryo,Jambudipa,Cisarua,-6.811600000000,107.559000000000,236,215,451,16,4
SD NEGERI 1 JATI,20205620,SD,Negeri,Kp. Nangkod Rt 04/03,JATI,Saguling,-6.900000000000,107.401500000000,108,95,203,9,2
SD NEGERI 1 JAYAGIRI,20267601,SD,Negeri,Jl. Jayagiri No. 27,Jayagiri,Lembang,-6.810600000000,107.617800000000,196,198,394,15,0
SD NEGERI 1 KAMULYAN,20262460,SD,Negeri,Jalan Irigasi No.16 Situ Tengah,Ciburuy,Padalarang,-6.838000000000,107.477100000000,112,124,236,8,3
SD NEGERI 1 KARANGTANJUNG,20205438,SD,Negeri,Jl. Raya Karangtanjung,Karangtanjung,Cililin,-6.950400000000,107.465500000000,160,117,277,12,2
SD NEGERI 1 KAYUAMBON,20205515,SD,Negeri,Jl. Kenanga No. 42,Kayuambon,Lembang,-6.813500000000,107.620800000000,278,228,506,20,1
SD NEGERI 1 KERTAJAYA,20205476,SD,Negeri,Jl. U Suryadi No .12,Kertajaya,Padalarang,-6.849500000000,107.492500000000,205,198,403,14,4
SD NEGERI 1 KERTAMULYA,20205492,SD,Negeri,Jl.H.Dasuki,Kertamulya,Padalarang,-6.848800000000,107.486700000000,168,189,357,13,3
SD NEGERI 1 KRIDA UTAMA,20205744,SD,Negeri,Jl. Gedong V  Komplek Gedong X,Kertamulya,Padalarang,-6.844100000000,107.492400000000,147,160,307,6,4
SD NEGERI 1 LANGENSARI,20205827,SD,Negeri,Jl. Maribaya KM 3 Lembang,Langensari,Lembang,-6.829600000000,107.643800000000,136,135,271,16,3
SD NEGERI 1 MARGALAKSANA,20205165,SD,Negeri,Kp. Cimerang,Cimerang,Padalarang,-6.879200000000,107.488200000000,99,99,198,7,3
SD NEGERI 1 MEDALSIRNA,20205127,SD,Negeri,Jl. PTPN VIII Pangheotan Kp. Cilame RT 01 RW 19,Cempakamekar,Padalarang,-6.804100000000,107.464800000000,78,66,144,7,2
SD NEGERI 1 MEKARSARI,20205196,SD,Negeri,Komplek Padasuka Indah II No. F 30,Gadobangkong,Ngamprah,-6.870843700000,107.521854200000,59,57,116,9,2
SD NEGERI 1 NANGGELENG,20205035,SD,Negeri,Kp.Cinangsi RT.04 RW.07,Nanggeleng,Cipeundeuy,-6.757700000000,107.352700000000,87,87,174,8,4
SD NEGERI 1 NGAMPRAH,20205116,SD,Negeri,Kp. Cipulus  RT.04 RW.06,Ngamprah,Ngamprah,-6.830900000000,107.508700000000,109,112,221,10,2
SD NEGERI 1 NYALINDUNG,20205079,SD,Negeri,Jl. Raya Purwakarta No.723,Nyalindung,Cipatat,-6.792000000000,107.433800000000,87,76,163,7,3
SD NEGERI 1 NYOMPLONG,20205087,SD,Negeri,Kp. Nyomplong Rt.03 Rw.16,Rajamandala Kulon,Cipatat,-6.826700000000,107.361100000000,86,95,181,8,3
SD NEGERI 1 PADALARANG,20205089,SD,Negeri,JL.Purwakarta Kp. Gembol Sari Gg H. Mamun RT 02 RW 05,Kertamulya,Padalarang,-6.838800000000,107.484800000000,81,61,142,7,1
SD NEGERI 1 PADASUKA,20205350,SD,Negeri,Jl. Cijengkol No 29,Wangunsari,Lembang,-6.845748535635,107.609207494945,163,142,305,11,3
SD NEGERI 1 PAGERWANGI,20205332,SD,Negeri,Kp. Bunisari,Mekarwangi,Lembang,-6.840800000000,107.635400000000,140,127,267,9,2
SD NEGERI 1 PARIGI,20205246,SD,Negeri,KP. Parigi   RT 02 / 11,Tagogapu,Padalarang,-6.810800000000,107.477800000000,114,110,224,10,2
SD NEGERI 1 PASIRHALANG,20205292,SD,Negeri,Jl. Pasirhalang No.134,Pasirhalang,Cisarua,-6.820000000000,107.536800000000,82,74,156,8,1
SD NEGERI 1 PASIRLANGU,20206355,SD,Negeri,Jl. Sukaraja RT. 03 RW. 05,Pasirlangu,Cisarua,-6.798500000000,107.536000000000,103,87,190,6,2
SD NEGERI 1 PASIRPOGOR,20206332,SD,Negeri,Kp. Bojongloa,Pasirpogor,Sindangkerta,-6.982400000000,107.393900000000,127,111,238,7,2
SD NEGERI 1 PUTERAN,20206378,SD,Negeri,Kp. Blok Desa  RT.04 RW.03,Puteran,Cikalongwetan,-6.712100000000,107.392900000000,100,94,194,8,2
SD NEGERI 1 RAJAMANDALAKULON,20206377,SD,Negeri,Jl. Raya Rajamandala Kulon No.494,Rajamandala Kulon,Cipatat,-6.832800000000,107.348100000000,218,206,424,14,3
SD NEGERI 1 RAJAMANDALAWETAN,20206264,SD,Negeri,Kp. Warung Domba RT.03 RW.01,Mandalamukti,Cikalongwetan,-6.747500000000,107.450100000000,162,151,313,12,2
SD NEGERI 1 RANCAIRUNG,20206235,SD,Negeri,Kp.cilimus,Tanjungjaya,Cihampelas,-6.923000000000,107.437000000000,104,94,198,8,2
SD NEGERI 1 RANCAPANGGUNG,20206303,SD,Negeri,Kp.Rancapanggung,Rancapanggung,Cililin,-6.979800000000,107.422300000000,142,137,279,9,0
SD NEGERI 1 RENDE,20227565,SD,Negeri,Jl. Ciganda Cikalongwetan RT.04 RW.06,Rende,Cikalongwetan,-6.730000000000,107.403400000000,143,131,274,13,3
SD NEGERI 1 SODONG,20206473,SD,Negeri,Kp. Cikabodas RT.02 RW.01,Tamanjaya,Gununghalu,-6.998900000000,107.321300000000,77,74,151,7,1
SD NEGERI 1 SUDIMAMPIR,20206427,SD,Negeri,Jln. Letkol G.A Manulang No. 132,Padalarang,Padalarang,-6.848800000000,107.477900000000,112,113,225,9,2
SD NEGERI 1 SUKARAME,20205952,SD,Negeri,Jl.Raya Cipatat Km.34 RT. 04 RW. 16,Cipatat,Cipatat,-6.831200000000,107.367400000000,148,127,275,10,1
SD NEGERI 1 SUKARESMI,20205933,SD,Negeri,Kp. Cibaros RT.02 RW.08,Sukaresmi,Rongga,-6.943600000000,107.289800000000,114,109,223,9,2
SD NEGERI 1 SUMURBANDUNG,20205984,SD,Negeri,Kp. Singapura RT.01 RW.11,Sumurbandung,Cipatat,-6.798000000000,107.420600000000,142,126,268,9,3
SD NEGERI 1 SUNTENJAYA,20205992,SD,Negeri,Kp. Dago,Suntenjaya,Lembang,-6.836500000000,107.709800000000,111,97,208,6,3
SD NEGERI 1 TAGOGAPU,20206002,SD,Negeri,Jl Raya Purwakarta No. 343,Tagogapu,Padalarang,-6.814000000000,107.470600000000,196,208,404,15,1
SD NEGERI 1 TENJOLAUT,20205852,SD,Negeri,Kp. Tenjolaut RT.03 RW.06,Tenjolaut,Cikalongwetan,-6.707800000000,107.417100000000,55,53,108,8,1
SD NEGERI 1 WANGUN,20205906,SD,Negeri,Kp. Pasirbuleud,Wangunsari,Sindangkerta,-7.021100000000,107.409100000000,44,39,83,8,2
SD NEGERI 1 WANGUNSARI,20205904,SD,Negeri,Jl. Wangunsari No.87,Wangunsari,Lembang,-6.831923800000,107.616699600000,171,190,361,14,2
SD NEGERI 10 LEMBANG,20205660,SD,Negeri,Jl. Barulaksana No. 182,Jayagiri,Lembang,-6.811100000000,107.620800000000,152,158,310,14,2
SD NEGERI 11 LEMBANG,20205659,SD,Negeri,Jl. Grand Hotel No.43,Lembang,Lembang,-6.816500000000,107.617400000000,191,183,374,17,1
SD NEGERI 12 LEMBANG,20205658,SD,Negeri,Jl. Gunung Putri No. 6 RT 01 RW 10,Jayagiri,Lembang,-6.805200000000,107.625200000000,93,84,177,9,4
SD NEGERI 2 BABAKANTALANG,20206701,SD,Negeri,Kp.  Babakan RT.2 RW.12,Sukamanah,Rongga,-7.001800000000,107.283500000000,86,74,160,8,2
SD NEGERI 2 BOJONG,20207001,SD,Negeri,Kp. Lengsar,Bojong,Rongga,-6.987200000000,107.268100000000,109,110,219,9,3
SD NEGERI 2 BUNIJAYA,20207976,SD,Negeri,Kp. Warungkupa RT.04 RW.07,Bunijaya,Gununghalu,-7.011400000000,107.267600000000,89,66,155,9,1
SD NEGERI 2 CELAK,20208026,SD,Negeri,Kp. Jambuhala RT. 01 RW.02,Celak,Gununghalu,-7.020600000000,107.366900000000,47,54,101,7,3
SD NEGERI 2 CIBACANG,20208036,SD,Negeri,Kp. Cibacang Rt. 04/Rw.05,Cipeundeuy,Padalarang,-6.867900000000,107.483300000000,72,74,146,6,2
SD NEGERI 2 CIBEDUG,20207994,SD,Negeri,Kp. Pasir Bakti,Cibedug,Rongga,-7.003500000000,107.260900000000,100,92,192,8,1
SD NEGERI 2 CIBENDA,20208004,SD,Negeri,Jl. AMD Manunggal No.50 Kp. Pasirhuni RT.04 RW.02,Cintaasih,Cipongkor,-6.961000000000,107.318300000000,106,111,217,7,2
SD NEGERI 2 CIBODAS,20207839,SD,Negeri,Kp. Sukamaju,Cibodas,Lembang,-6.824800000000,107.672000000000,200,176,376,14,4
SD NEGERI 2 CIBODAS,20207840,SD,Negeri,Kp Bojong Haleuang,BOJONG HALEUANG,Saguling,-6.861100000000,107.458800000000,156,150,306,11,3
SD NEGERI 2 CIBOGO,20207852,SD,Negeri,Asrama Brimob Cikole,Cikole,Lembang,-6.795100000000,107.655200000000,177,160,337,14,1
SD NEGERI 2 CIBURUY,20207917,SD,Negeri,Jl. Raya Ciburuy No. 293,Ciburuy,Padalarang,-6.841600000000,107.478300000000,102,95,197,8,3
SD NEGERI 2 CICANGKANGHILIR,20208187,SD,Negeri,Kp. Pasarlama RT.01 RW.05,Sukamulya,Cipongkor,-6.953000000000,107.403400000000,66,82,148,6,3
SD NEGERI 2 CIJAWA,20208203,SD,Negeri,"Jl,.sukahaji RT.01 RW.01",Sukahaji,Cipeundeuy,-6.733300000000,107.366200000000,120,74,194,8,2
SD NEGERI 2 CIKALONGWETAN,20208083,SD,Negeri,Kp. Sirnagalih RT.02 RW.02,Cikalong,Cikalongwetan,-6.735400000000,107.435700000000,106,89,195,9,2
SD NEGERI 2 CIKANDE,20208045,SD,Negeri,Kp Cikande RT. 02/02,CIKANDE,Saguling,-6.870500000000,107.441100000000,119,102,221,11,4
SD NEGERI 2 CILANGARI,20208102,SD,Negeri,Kp. Neglasari RT.02 RW.13,Cilangari,Gununghalu,-7.050100000000,107.200600000000,46,42,88,7,1
SD NEGERI 2 CILEDUG,20207564,SD,Negeri,Kp. Cijerah RT 02 RW 03 Desa Tanimulya Kec. Ngamprah Kab. Bandung Barat,Tanimulya,Ngamprah,-6.863300000000,107.523400000000,182,192,374,16,3
SD NEGERI 2 CILILIN,20207575,SD,Negeri,Jln Pasar Lama RT.05 Rw.08,Cililin,Cililin,-6.948400000000,107.464700000000,130,132,262,14,2
SD NEGERI 2 CIMAREL,20207551,SD,Negeri,Kp. Babakan Jampang RT.2 RW.5,Cibitung,Rongga,-6.921800000000,107.296200000000,113,73,186,6,2
SD NEGERI 2 CIMAREME,20207548,SD,Negeri,Jl. Raya Cimareme No.302  RT.01 RW.02,Cimareme,Ngamprah,-6.861600000000,107.501500000000,217,219,436,17,3
SD NEGERI 2 CIMERANG,20207609,SD,Negeri,Jl. Raya Batujajar No.143,Laksanamekar,Padalarang,-6.875900000000,107.504000000000,233,203,436,16,2
SD NEGERI 2 CIPANAS,20207476,SD,Negeri,Jl. Cipanas No.61  RT.02 RW.04,Padaasih,Cisarua,-6.829800000000,107.563700000000,123,98,221,7,2
SD NEGERI 2 CIPEUNDEUY,20207509,SD,Negeri,Jalan Tembokan 35,Cipeundeuy,Padalarang,-6.859500000000,107.497200000000,104,100,204,7,2
SD NEGERI 2 CIPEUNDEUY,20207510,SD,Negeri,Kp Hegarmanah Rt 002 Rw 013,Cipeundeuy,Cipeundeuy,-6.741500000000,107.355800000000,91,74,165,8,3
SD NEGERI 2 CIPONGKOR,20207523,SD,Negeri,Kp.Pasirsaji RT.02 RW.02,Neglasari,Cipongkor,-6.958200000000,107.360400000000,94,74,168,6,4
SD NEGERI 2 CIPTAHARJA,20205950,SD,Negeri,Jl. Sukarame No.18 RT.01 RW.02,Ciptaharja,Cipatat,-6.833300000000,107.367900000000,279,272,551,24,2
SD NEGERI 2 CIRAJA,20207486,SD,Negeri,Kp. Babakan Tapos RT.03 RW.03,Sirnaraja,Cipeundeuy,-6.769300000000,107.386500000000,47,32,79,7,0
SD NEGERI 2 CISANDAWUT,20207758,SD,Negeri,Jl. Raya Sindangkerta,Sindangkerta,Sindangkerta,-6.991700000000,107.405000000000,129,108,237,6,3
SD NEGERI 2 CISAUHEUN,20207752,SD,Negeri,JL PLTA CIRATA KM 04,Sirnagalih,Cipeundeuy,-6.711600000000,107.371100000000,104,98,202,8,2
SD NEGERI 2 CISOMANG,20207765,SD,Negeri,Jl. PTPN VIII Panglejar,Cisomang Barat,Cikalongwetan,-6.719600000000,107.463900000000,161,153,314,13,2
SD NEGERI 2 CITATAH,20207745,SD,Negeri,Kp. Bulan-Bulan RT 02 RW 16,Citatah,Cipatat,-6.838397000000,107.419326300000,204,193,397,14,2
SD NEGERI 2 CURUGAGUNG,20207792,SD,Negeri,Kp. Curug Agung,Kertajaya,Padalarang,-6.844600000000,107.498500000000,85,94,179,7,1
SD NEGERI 2 EKACITA,20207668,SD,Negeri,Kp. Ciporang RT.02 RW.14,Puteran,Cikalongwetan,-6.698800000000,107.401900000000,44,63,107,7,2
SD NEGERI 2 GIRIWANGI,20207688,SD,Negeri,Kp.pasirteureup,Cijenuk,Cipongkor,-6.973500000000,107.381600000000,127,105,232,7,1
SD NEGERI 2 GUNUNG BENTANG,20207692,SD,Negeri,Jln. Gunung Bentang Rt 01 Rw 23,Jayamekar,Padalarang,-6.856100000000,107.457900000000,128,128,256,8,2
SD NEGERI 2 GUNUNGHALU,20205565,SD,Negeri,Kp. Pasir Jaya RT.03 RW.17,Gununghalu,Gununghalu,-7.021700000000,107.314100000000,39,44,83,7,3
SD NEGERI 2 JAMBUDIPA,20205605,SD,Negeri,Jl. Kol. Masturi No.589  RT.03 RW.04,Jambudipa,Cisarua,-6.825300000000,107.555700000000,134,117,251,10,3
SD NEGERI 2 JATI,20205618,SD,Negeri,Kp. Warudoyong RT 04 RW 08,GIRIMUKTI,Saguling,-6.903200000000,107.421000000000,108,94,202,6,3
SD NEGERI 2 JAYAGIRI,20267602,SD,Negeri,Jl. Kehutanan No. 71 Rt. 05 Rw. 12,Jayagiri,Lembang,-6.811200000000,107.616300000000,212,197,409,20,2
SD NEGERI 2 KAMULYAN,20262546,SD,Negeri,Jl.Irigasi Kamulyan Rt 01 Rw 03,Ciburuy,Padalarang,-6.838000000000,107.477100000000,96,86,182,8,2
SD NEGERI 2 KAYUAMBON,20205513,SD,Negeri,Kp. Panggragajian,Kayuambon,Lembang,-6.816900000000,107.633400000000,184,184,368,14,2
SD NEGERI 2 KERTAMUKTI,20205493,SD,Negeri,Kp. Baru RT.02 RW.18,Kertamukti,Cipatat,-6.816700000000,107.365800000000,90,88,178,6,1
SD NEGERI 2 KERTAMULYA,20205491,SD,Negeri,Jl. H. Dasuki No.44,Kertamulya,Padalarang,-6.848900000000,107.486700000000,124,103,227,13,2
SD NEGERI 2 KRIDA UTAMA,20205743,SD,Negeri,Jl. Gedong 5 Komplek Gedong X  RT 05 RW 09,Kertamulya,Padalarang,-6.844200000000,107.492200000000,99,83,182,8,2
SD NEGERI 2 LANGENSARI,20205825,SD,Negeri,Jln.Maribaya KM.3,Langensari,Lembang,-6.828600000000,107.643900000000,176,149,325,12,4
SD NEGERI 2 LEMBANG,20205801,SD,Negeri,Jl. Kehutanan No. 73,Jayagiri,Lembang,-6.811200000000,107.616300000000,187,160,347,14,4
SD NEGERI 2 MARGALAKSANA,20205164,SD,Negeri,Kp. Cimerang Rt.02 Rw.05,Cimerang,Padalarang,-6.872200000000,107.490700000000,130,108,238,8,3
SD NEGERI 2 MEDALSIRNA,20205223,SD,Negeri,Kp. Cilame RT. 01 RW. 19,Cempakamekar,Padalarang,-6.804100000000,107.464700000000,114,112,226,7,2
SD NEGERI 2 NANGGELENG,20205034,SD,Negeri,Kp Cinangsi,Nanggeleng,Cipeundeuy,-6.763400000000,107.366100000000,163,144,307,13,3
SD NEGERI 2 NGAMPRAH,20205115,SD,Negeri,Jalan Kecamatan Ngamprah,Sukatani,Ngamprah,-6.833000000000,107.498400000000,200,245,445,14,3
SD NEGERI 2 NYOMPLONG,20205088,SD,Negeri,Kp. Nyomplong RT 001 RW 015,Cipatat,Cipatat,-6.827400000000,107.364600000000,138,137,275,11,2
SD NEGERI 2 PADALARANG,20205076,SD,Negeri,JL.Raya Purwakarta Padalarang No.89 Gang H. Mamun Kp. Gembol  RT 02 RW 05,Kertamulya,Padalarang,-6.841200000000,107.483500000000,92,76,168,5,3
SD NEGERI 2 PADASUKA,20205370,SD,Negeri,JL.WANGUNSARI NO.29,Wangunsari,Lembang,-6.847094600000,107.608085700000,269,230,499,20,4
SD NEGERI 2 PAGERWANGI,20205331,SD,Negeri,Jl. Sukanagara,Pagerwangi,Lembang,-6.827600000000,107.627400000000,112,108,220,7,1
SD NEGERI 2 PARIGI,20205245,SD,Negeri,Kp. Parigi RT.02 RW.11,Tagogapu,Padalarang,-6.810800000000,107.478200000000,102,86,188,6,0
SD NEGERI 2 PASIRHALANG,20205291,SD,Negeri,Kp. Cikarang Mulya No.210  RT.04 RW.04,Pasirhalang,Cisarua,-6.823900000000,107.529700000000,170,164,334,12,2
SD NEGERI 2 PASIRLANGU,20206354,SD,Negeri,Kp. Pasirlangu  RT.04 RW.03,Pasirlangu,Cisarua,-6.808000000000,107.531300000000,144,130,274,9,2
SD NEGERI 2 PASIRPOGOR,20206331,SD,Negeri,Kp. Cigandu RT.04 RW.02,Pasirpogor,Sindangkerta,-6.982700000000,107.394800000000,110,115,225,7,1
SD NEGERI 2 PURABAYA,20206386,SD,Negeri,Jl. Letkol Ga Manulang,Jayamekar,Padalarang,-6.850300000000,107.471800000000,16,15,31,3,2
SD NEGERI 2 PUTERAN,20206388,SD,Negeri,Kp. Blok Lembur RT.01 RW.09,Puteran,Cikalongwetan,-6.709700000000,107.394700000000,131,103,234,5,3
SD NEGERI 2 RAJAMANDALAKULON,20206326,SD,Negeri,"Jl. Stasiun, No. 04, RT 01 / RW 13",Rajamandala Kulon,Cipatat,-6.832200000000,107.347900000000,316,324,640,26,3
SD NEGERI 2 RAJAMANDALAWETAN,20206263,SD,Negeri,Kp. Warungdomba RT.01 RW.04,Mandalamukti,Cikalongwetan,-6.747700000000,107.444500000000,73,80,153,9,2
SD NEGERI 2 RANCAPANGGUNG,20206313,SD,Negeri,Jl Raya Rancapangung,Rancapanggung,Cililin,-6.988400000000,107.445700000000,167,188,355,14,2
SD NEGERI 2 SODONG,20206472,SD,Negeri,Kp. Nagrak RT. 01 RW. 13,Tamanjaya,Gununghalu,-6.986200000000,107.325900000000,64,65,129,7,2
SD NEGERI 2 SUDIMAMPIR,20206426,SD,Negeri,Jl. Letkol GA. Manulang No. 132,Padalarang,Padalarang,-6.848900000000,107.478100000000,225,198,423,17,1
SD NEGERI 2 SUKARESMI,20206031,SD,Negeri,Kp. Pasirdari RT.3 RW.10,Sukaresmi,Rongga,-6.953800000000,107.293700000000,80,64,144,5,2
SD NEGERI 2 SUNTENJAYA,20205993,SD,Negeri,"Jl. Maribaya Timur, Kp. Gandok",Suntenjaya,Lembang,-6.819500000000,107.694200000000,86,91,177,6,2
SD NEGERI 2 TAGOGAPU,20206001,SD,Negeri,Jln. Raya Purwakarta No. 343 Kp. Cilio RT. 001/002,Tagogapu,Padalarang,-6.813800000000,107.470200000000,105,105,210,10,3
SD NEGERI 2 TENJOLAUT,20205851,SD,Negeri,Kp. Cigatrot Girang  RT.01 RW.07,Tenjolaut,Cikalongwetan,-6.708900000000,107.424100000000,90,88,178,5,1
SD NEGERI 2 WANGUN,20205905,SD,Negeri,Kp. Bojongasih,Wangunsari,Sindangkerta,-7.023900000000,107.416300000000,55,53,108,6,3
SD NEGERI 2 WANGUNSARI,20205903,SD,Negeri,Kp. Cirateun Peuntas,Wangunsari,Lembang,-6.841059108589,107.606602683663,122,106,228,8,2
SD NEGERI 3 BAYABANG,20207032,SD,Negeri,Kp.Nagrog Kulon RT 01 RW 13,Ciharashas,Cipeundeuy,-6.732400000000,107.381200000000,60,54,114,8,3
SD NEGERI 3 CIBENDA,20208015,SD,Negeri,Kp. Gading RT.02/01,Cibenda,Cipongkor,-6.951700000000,107.325200000000,76,76,152,9,2
SD NEGERI 3 CIBODAS,20207838,SD,Negeri,Jl. Maribaya Timur KM.12 Kp. Cibodas RT.02 RW.05,Suntenjaya,Lembang,-6.827600000000,107.698800000000,191,190,381,12,2
SD NEGERI 3 CIBOGO,20207851,SD,Negeri,Jl. Tangkuban Perahu,Cibogo,Lembang,-6.808200000000,107.646800000000,155,146,301,11,3
SD NEGERI 3 CIHARASHAS,20208219,SD,Negeri,Jl. Caringin   RT.01 RW.13,Margajaya,Ngamprah,-6.856400000000,107.501600000000,180,186,366,14,2
SD NEGERI 3 CIJAWA,20208202,SD,Negeri,Kp Sukawening RT 01 RW 06,Ciharashas,Cipeundeuy,-6.739000000000,107.388200000000,60,44,104,5,2
SD NEGERI 3 CIKAHURIPAN,20208068,SD,Negeri,Kp. Barunagri,Sukajaya,Lembang,-6.800900000000,107.601800000000,96,92,188,3,4
SD NEGERI 3 CIKALONGWETAN,20208082,SD,Negeri,Kp. Daya Mekar RT.04 RW.03,Cikalong,Cikalongwetan,-6.733700000000,107.432700000000,141,142,283,9,0
SD NEGERI 3 CIKANDE,20208044,SD,Negeri,Kp. Cilutung Rt 01 Rw 03,CIPANGERAN,Saguling,-6.883800000000,107.404400000000,138,130,268,11,2
SD NEGERI 3 CIKIDANG,20208118,SD,Negeri,Jl.maribaya Utara Kp.cicalung,Wangunharja,Lembang,-6.816900000000,107.651800000000,120,112,232,8,2
SD NEGERI 3 CIPATAT,20207442,SD,Negeri,Jl Raya Cipatat No.38 RT.01 RW.03,Cipatat,Cipatat,-6.824000000000,107.385900000000,212,223,435,15,2
SD NEGERI 3 CIPONGKOR,20207522,SD,Negeri,Jl. Pasirsaji Kp. Ciporang RT.02 RW.05,Neglasari,Cipongkor,-6.959300000000,107.358500000000,51,59,110,8,2
SD NEGERI 3 CISAUHEUN,20207751,SD,Negeri,Kp. Babakan RT.03 RW.04,Sirnagalih,Cipeundeuy,-6.711100000000,107.364200000000,78,80,158,7,2
SD NEGERI 3 CISOMANG,20207764,SD,Negeri,Kp. Ciloa  RT.01 RW.06,Wangunjaya,Cikalongwetan,-6.719600000000,107.463900000000,259,231,490,18,2
SD NEGERI 3 GUNUNGHALU,20205577,SD,Negeri,Kp. Legok Kondang RT.01 RW.22,Sirnajaya,Gununghalu,-7.020700000000,107.309600000000,145,115,260,12,4
SD NEGERI 3 JATI,20205616,SD,Negeri,Kp. CIKAROYA RT. 01 / RW. 07,SAGULING,Saguling,-6.904200000000,107.393100000000,36,31,67,7,2
SD NEGERI 3 KERTAJAYA,20205473,SD,Negeri,Jln U.Suryadi  No. 39,Kertajaya,Padalarang,-6.851000000000,107.491700000000,99,107,206,8,2
SD NEGERI 3 LEMBANG,20205800,SD,Negeri,Jl Grand Hotel Lembang,Lembang,Lembang,-6.816500000000,107.617400000000,166,137,303,14,2
SD NEGERI 3 MARGALAKSANA,20205151,SD,Negeri,KP. Cimerang,Cimerang,Padalarang,-6.873500000000,107.490100000000,62,69,131,8,0
SD NEGERI 3 NANGGELENG,20205033,SD,Negeri,Kp. Pasir Ucing Rt 02 Rw 15,Nanggeleng,Cipeundeuy,-6.771800000000,107.352300000000,54,74,128,9,3
SD NEGERI 3 PADALARANG,20205371,SD,Negeri,Pos Wetan,Kertamulya,Padalarang,-6.841800000000,107.488300000000,113,135,248,9,1
SD NEGERI 3 PAGERWANGI,20205330,SD,Negeri,Kp. Sindangwaas,Mekarwangi,Lembang,-6.846700000000,107.647200000000,46,60,106,6,2
SD NEGERI 3 PASIRHALANG,20205290,SD,Negeri,Kp. Sukamaju  RT.04 RW.02,Pasirhalang,Cisarua,-6.831300000000,107.519800000000,109,102,211,6,3
SD NEGERI 3 PURABAYA,20206385,SD,Negeri,Jl. Letkol Ga. Manulang,Jayamekar,Padalarang,-6.852300000000,107.473100000000,240,242,482,21,5
SD NEGERI 3 RAJAMANDALAKULON,20206277,SD,Negeri,Kp. Babakan Bandung RT.02 RW.03,Rajamandala Kulon,Cipatat,-6.855000000000,107.362900000000,158,164,322,13,2
SD NEGERI 3 RAJAMANDALAWETAN,20206262,SD,Negeri,Kp. Warung Domba RT.01 RW.04,Mandalamukti,Cikalongwetan,-6.747900000000,107.444000000000,68,90,158,5,2
SD NEGERI 3 RANCAIRUNG,20206233,SD,Negeri,Kp.rancaririp,Tanjungjaya,Cihampelas,-6.914800000000,107.411600000000,63,65,128,7,2
SD NEGERI 3 WANGUNSARI,20205900,SD,Negeri,Jalan Tugulaksana,Pagerwangi,Lembang,-6.843000000000,107.616200000000,36,55,91,3,2
SD NEGERI 4 CIBODAS,20207845,SD,Negeri,Kp. Sukarasa,Cibodas,Lembang,-6.819300000000,107.676100000000,112,92,204,9,1
SD NEGERI 4 CIBODAS,20207846,SD,Negeri,Kp. Cikande Rt. 02 Rw. 02,CIKANDE,Saguling,-6.870300000000,107.441000000000,86,78,164,7,1
SD NEGERI 4 CIBOGO,20207850,SD,Negeri,Kp. Pasar Ahad,Cikole,Lembang,-6.798300000000,107.653900000000,132,131,263,11,1
SD NEGERI 4 CIHARASHAS,20208218,SD,Negeri,Kampung Ciburial RT.01 RW.15,Margajaya,Ngamprah,-6.847800000000,107.502700000000,120,109,229,9,2
SD NEGERI 4 CILILIN,20207573,SD,Negeri,Jln Cililin Timur No.1,Cililin,Cililin,-6.951700000000,107.458200000000,87,71,158,8,3
SD NEGERI 4 CIMAREME,20207546,SD,Negeri,Jalan Raya Cimareme No.302  RT.02 RW.04,Cimareme,Ngamprah,-6.861200000000,107.501100000000,93,110,203,14,3
SD NEGERI 4 CIPONGKOR,20207521,SD,Negeri,Kp.Ciakar RT.03 RW.07,Sarinagen,Cipongkor,-6.934500000000,107.358600000000,131,134,265,7,5
SD NEGERI 4 CISOMANG,20207763,SD,Negeri,Kp. Babakan RT.01 RW.10,Wangunjaya,Cikalongwetan,-6.735300000000,107.487000000000,47,51,98,8,1
SD NEGERI 4 PURABAYA,20206384,SD,Negeri,PURABAYA RT 04 RW 02,Jayamekar,Padalarang,-6.852400000000,107.473300000000,68,50,118,5,2
SD NEGERI 4 RAJAMANDALAKULON,20228167,SD,Negeri,Komp. PTPN VIII Rajamandala Kulon RT.01 RW.02,Rajamandala Kulon,Cipatat,-6.839500000000,107.350300000000,121,129,250,11,4
SD NEGERI 4 RAJAMANDALAWETAN,20206261,SD,Negeri,Kp. Karanganyar RT.02 RW.06,Mandalamukti,Cikalongwetan,-6.746500000000,107.448300000000,86,74,160,8,3
SD NEGERI 5 CIKALONGWETAN,20208081,SD,Negeri,Kp. Cipadali RT.03 RW.05,Cikalong,Cikalongwetan,-6.739000000000,107.433500000000,47,37,84,9,2
SD NEGERI 5 CIKIDANG,20208119,SD,Negeri,Kp. Pengkolan,Cikidang,Lembang,-6.817100000000,107.651800000000,0,0,0,0,1
SD NEGERI 5 CILILIN,20207572,SD,Negeri,Jln Pasar Lama No 27,Cililin,Cililin,-6.948200000000,107.457600000000,83,79,162,7,1
SD NEGERI 5 CISOMANG,20207750,SD,Negeri,Kp. Sancang RT.03 RW.14,Cisomang Barat,Cikalongwetan,-6.705500000000,107.454800000000,65,69,134,6,2
SD NEGERI 5 PADALARANG,20205357,SD,Negeri,Kp. Pos Wetan,Kertamulya,Padalarang,-6.841600000000,107.488200000000,59,54,113,6,1
SD NEGERI 6 CIBOGO,20207849,SD,Negeri,Kp. Cibedug RT.01 RW.12,Cikole,Lembang,-6.795300000000,107.647200000000,174,154,328,13,3
SD NEGERI 6 CIKIDANG,20208117,SD,Negeri,Kp Cikawari RT 03 RW 03,Wangunharja,Lembang,-6.814100000000,107.664600000000,145,192,337,12,1
SD NEGERI 7 CIBOGO,20207848,SD,Negeri,Kp. Pasar Ahad,Cikole,Lembang,-6.798500000000,107.653600000000,90,81,171,9,1
SD NEGERI ANGSANAMEKAR,20206715,SD,Negeri,Kp. Dangdeur RT.05 RW.14,Rende,Cikalongwetan,-6.735700000000,107.406900000000,115,134,249,11,2
SD NEGERI AWILARANGAN,20206727,SD,Negeri,KP. AWILARANGAN,Mekarmukti,Cihampelas,-6.928700000000,107.452500000000,117,124,241,7,2
SD NEGERI BABAKAN CIANJUR,20206719,SD,Negeri,Kp. Babakan Cianjur  RT.04 RW.07,Gadobangkong,Ngamprah,-6.869700000000,107.508100000000,76,94,170,6,2
SD NEGERI BABAKAN LOA,20206688,SD,Negeri,Jl. Babakan Loa No. 108,Padalarang,Padalarang,-6.843300000000,107.472900000000,105,108,213,7,2
SD NEGERI BABAKAN PARI,20206687,SD,Negeri,Jl. Aster 1 Perum Batujajar Indah,Batujajar Timur,Batujajar,-6.910100000000,107.505600000000,222,193,415,16,2
SD NEGERI BABAKAN SIRNA,20206693,SD,Negeri,Kp. Leuwi Panto RT.01 RW.06,Cilangari,Gununghalu,-7.043500000000,107.231600000000,64,45,109,7,1
SD NEGERI BABAKANCIANJUR,20206720,SD,Negeri,Kp. Babakan Cianjur RT.03 RW.04,Cihampelas,Cihampelas,-6.919900000000,107.474700000000,179,179,358,12,1
SD NEGERI BABAKANSARI,20206684,SD,Negeri,Kp. Babakan RT.01 RW.07,Cipatik,Cihampelas,-6.941400000000,107.508800000000,143,130,273,7,2
SD NEGERI BAKTIMULYA,20206984,SD,Negeri,Kp. Pasirpeusing RT.03 RW.12,Sirnajaya,Gununghalu,-7.041800000000,107.305200000000,25,32,57,8,1
SD NEGERI BAKTIMULYA,20206695,SD,Negeri,KP. BAKTIMULYA,Wangunsari,Sindangkerta,-7.041800000000,107.305200000000,33,40,73,6,1
SD NEGERI BALEKAMBANG,20206966,SD,Negeri,Kp Balekambang RT.02 RW.10,Cirawamekar,Cipatat,-6.818900000000,107.447100000000,149,116,265,14,4
SD NEGERI BALEPULANG,20206962,SD,Negeri,Kp. Cileuleuy RT.02 RW.07,Cipada,Cikalongwetan,-6.771700000000,107.504700000000,84,75,159,8,2
SD NEGERI BANJARSARI,20206975,SD,Negeri,Kp. Cinanggerang RT.02 RW.012,Nyenang,Cipeundeuy,-6.743400000000,107.339600000000,102,83,185,8,2
SD NEGERI BANYUHURIP,20227516,SD,Negeri,Jl. Kol. Masturi No 56,Cikahuripan,Lembang,-6.816600000000,107.604000000000,84,80,164,9,3
SD NEGERI BANYURESMI,20206960,SD,Negeri,Kp. Peer /cisalak  Desa Tanjungwangi Kecamatan Cihampelas,Tanjungwangi,Cihampelas,-7.003800000000,107.258300000000,142,116,258,8,1
SD NEGERI BANYURESMI,20206961,SD,Negeri,PTPN VIII Montaya,Cibedug,Rongga,-6.954200000000,107.488400000000,91,69,160,6,1
SD NEGERI BARANANGSIANG,20206947,SD,Negeri,JL. Dusun Sindangsari Desa Baranangsiang,Baranangsiang,Cipongkor,-6.919800000000,107.348900000000,110,100,210,9,1
SD NEGERI BARUKAI,20206939,SD,Negeri,Kp Barukai RT 04 RW 12 Desa Jambudipa Kec. Cisarua,Jambudipa,Cisarua,-6.811000000000,107.559700000000,243,216,459,16,3
SD NEGERI BARULAKSANA,20206938,SD,Negeri,Jl. Manoko,Cikahuripan,Lembang,-6.808000000000,107.612200000000,138,120,258,9,3
SD NEGERI BARUNAGRI,20206948,SD,Negeri,Kp. Barunagri N0. 89,Sukajaya,Lembang,-6.808900000000,107.600700000000,117,114,231,7,2
SD NEGERI BATUJAJAR 1,20206955,SD,Negeri,Jl. Raya Batujajar  No 225,Batujajar Timur,Batujajar,-6.915100000000,107.496000000000,269,240,509,16,5
SD NEGERI BATUJAJAR 2,20206954,SD,Negeri,Jl. Haur Ngambang No 4,Batujajar Timur,Batujajar,-6.913200000000,107.510600000000,236,221,457,17,2
SD NEGERI BATUJAJAR 3,20206953,SD,Negeri,Jl. Raya Batujajar No. 225,Batujajar Timur,Batujajar,-6.915000000000,107.496000000000,257,238,495,17,3
SD NEGERI BATUJAJAR 4,20206952,SD,Negeri,Jln. Sukamaju,Batujajar Barat,Batujajar,-6.920500000000,107.486900000000,83,54,137,8,2
SD NEGERI BATULAYANG,20207015,SD,Negeri,Kp.balakasap,Pataruman,Cihampelas,-6.938800000000,107.516500000000,317,298,615,19,5
SD NEGERI BINA BAKTI,20207010,SD,Negeri,Kampung Babakan Loa,Padalarang,Padalarang,-6.842100000000,107.471500000000,147,148,295,10,3
SD NEGERI BINAKARYA,20206995,SD,Negeri,Kp. Cibarengkok RT.3 RW.4,Cicadas,Rongga,-7.007100000000,107.235900000000,31,29,60,7,1
SD NEGERI BINAWARGA,20206992,SD,Negeri,Jl.Cijambe RT.01 RW.02,Cicangkang Hilir,Cipongkor,-6.966100000000,107.405700000000,57,53,110,7,2
SD NEGERI BOJONGMEKAR,20206860,SD,Negeri,Jl Cipeundeuy - Rajamandala Km.03 RT.02 RW.04,Bojongmekar,Cipeundeuy,-6.752300000000,107.360500000000,94,75,169,7,2
SD NEGERI BOJONGSALAM,20206857,SD,Negeri,Kp. Tegalkiara,Rancapanggung,Cililin,-6.979800000000,107.422200000000,92,84,176,7,2
SD NEGERI BONGAS,20228180,SD,Negeri,Kp. Leuwinutug,Batulayang,Cililin,-6.957500000000,107.441600000000,143,147,290,10,3
SD NEGERI BONJOT,20206923,SD,Negeri,Kp. Gembong RT 01/12,Rancapanggung,Cililin,-6.999200000000,107.434400000000,73,68,141,5,1
SD NEGERI BUAHBATU,20206924,SD,Negeri,Kp. Buahbatu,Cibodas,Lembang,-6.824100000000,107.683600000000,76,90,166,5,3
SD NEGERI BUDHI ASIH,20206898,SD,Negeri,JL.CIBURUY NO. 21 RT 03 RW 18,Padalarang,Padalarang,-6.834100000000,107.466100000000,47,59,106,7,1
SD NEGERI BUDHI KARYA,20206895,SD,Negeri,Jl. Waruga Jaya   RT.04 RW.11,Ciwaruga,Parongpong,-6.855600000000,107.579700000000,197,179,376,14,1
SD NEGERI BUDI ASIH,20206926,SD,Negeri,KP. cibeber hilir RT 02 RW 04,Giriasih,Batujajar,-6.893100000000,107.509800000000,90,115,205,6,4
SD NEGERI BUDI ASIH,20206927,SD,Negeri,Kp. Cibuntu  RT.05 RW.09,Cilame,Ngamprah,-6.849200000000,107.523100000000,128,128,256,9,3
SD NEGERI BUDI KARYA,20206894,SD,Negeri,Kp.Cikuda RT.01 RW.16,Cipeundeuy,Cipeundeuy,-6.736800000000,107.360000000000,88,103,191,9,3
SD NEGERI BUDIASIH,20206928,SD,Negeri,Jl.Cipanas  RT.01 RW.08,Padaasih,Cisarua,-6.840800000000,107.562500000000,194,167,361,8,1
SD NEGERI BUDIASIH,20206930,SD,Negeri,Kp. Gedugan,Kidangpananjung,Cililin,-6.982500000000,107.491100000000,80,60,140,7,2
SD NEGERI BUDIGALIH,20206912,SD,Negeri,Kp. Budigalih RT 02 RW 05,Tanjungjaya,Cihampelas,-6.923200000000,107.418200000000,121,126,247,7,0
SD NEGERI BUDIHARJA,20206896,SD,Negeri,Kp. Gombong,Budiharja,Cililin,-6.945000000000,107.445800000000,87,76,163,6,2
SD NEGERI BUDIKARYA,20206929,SD,Negeri,Kp. Bangsaya,Nanggerang,Cililin,-6.855600000000,107.579700000000,77,78,155,8,3
SD NEGERI BUDIMULYA,20206911,SD,Negeri,Kp. Pamoyanan No.80  RT.01 RW.14,Padaasih,Cisarua,-6.845600000000,107.554600000000,135,113,248,7,2
SD NEGERI BUDIRAHAYU,20206893,SD,Negeri,Kp. Budiharti,Ranca Senggang,Sindangkerta,-7.010100000000,107.405700000000,43,39,82,6,4
SD NEGERI BUDISARI,20206892,SD,Negeri,Kp. Jaladri Rt. 01/09,Karangtanjung,Cililin,-6.959400000000,107.476000000000,41,25,66,6,1
SD NEGERI BUDIWALUYA,20206891,SD,Negeri,Kp. Cikoneng,Mukapayung,Cililin,-6.998200000000,107.467400000000,58,52,110,6,2
SD NEGERI BUDIWANGI,20206889,SD,Negeri,Kp.Bahubang,Situwangi,Cihampelas,-6.964000000000,107.501500000000,196,155,351,16,1
SD NEGERI BUKANAGARA,20206910,SD,Negeri,Jl. Bukanagara,Pagerwangi,Lembang,-6.825900000000,107.630600000000,99,98,197,7,2
SD NEGERI BUNGURENDAH,20206903,SD,Negeri,"Kp. Pasirbungur, RT 02 RW 05",Ranca Senggang,Sindangkerta,-7.017900000000,107.418700000000,53,44,97,7,3
SD NEGERI BUNINAGARA,20207974,SD,Negeri,Kp. Saar RT.03/RW.01,Buninagara,Sindangkerta,-7.024300000000,107.443700000000,39,47,86,6,1
SD NEGERI BUNISARI,20207429,SD,Negeri,Jl. Bunisari No. 1  RT.01 RW.06,Gadobangkong,Ngamprah,-6.869300000000,107.513200000000,258,299,557,17,4
SD NEGERI CACABAN,20207971,SD,Negeri,Kp.Jalan Cagak RT.04 RW.04,Baranangsiang,Cipongkor,-6.919300000000,107.348700000000,188,163,351,10,4
SD NEGERI CADASMULYA,20207970,SD,Negeri,Kp. Cadasgorowong,Cempakamekar,Padalarang,-6.802600000000,107.448800000000,85,96,181,7,1
SD NEGERI CANGKORAH,20207988,SD,Negeri,Jln. Leuwigajah No 48,Giriasih,Batujajar,-6.897500000000,107.503600000000,95,117,212,7,3
SD NEGERI CANTRAWAYANG,20207942,SD,Negeri,KP. CANTRAWAYANG RT.02 RW.03,Karangsari,Cipongkor,-6.969400000000,107.351100000000,78,63,141,6,1
SD NEGERI CARINGIN,20207956,SD,Negeri,Jl. Terusan Sersan Bajuri No.95,Cihideung,Parongpong,-6.834600000000,107.594800000000,115,97,212,5,0
SD NEGERI CARINGIN,20207955,SD,Negeri,Jl. Cirata Kp. Caringin RT.02 RW.12,Margalaksana,Cipeundeuy,-6.729900000000,107.352000000000,169,135,304,11,5
SD NEGERI CIBACANG,20227521,SD,Negeri,Kp. Cibacang Rt 06 Rw 05,Cipeundeuy,Padalarang,-6.868100000000,107.486800000000,133,134,267,7,2
SD NEGERI CIBADAK,20208033,SD,Negeri,Kp. Pasir Gombong RT.1 RW.7,Cibitung,Rongga,-6.926800000000,107.307100000000,68,70,138,8,1
SD NEGERI CIBANGBAN,20208030,SD,Negeri,Kp. Cibogo,Citalem,Cipongkor,-6.947200000000,107.390200000000,121,98,219,7,3
SD NEGERI CIBANTENG,20208016,SD,Negeri,Kp. Bangkenang RT. 01 RW. 09,SAGULING,Saguling,-6.891700000000,107.370400000000,145,166,311,16,2
SD NEGERI CIBARENGKOK,20208002,SD,Negeri,Kp. Ciloa RT.02 RW.06,Nyalindung,Cipatat,-6.789200000000,107.437900000000,191,179,370,14,3
SD NEGERI CIBAYUN,20208001,SD,Negeri,Kp. Ciburial  RT.02 RW.10,Margajaya,Ngamprah,-6.849400000000,107.499900000000,95,94,189,7,2
SD NEGERI CIBEBER,20207997,SD,Negeri,Jl.Harim No.4 Kp. Cibeber,Mekarwangi,Sindangkerta,-7.063100000000,107.399500000000,197,176,373,15,3
SD NEGERI CIBEBERHILIR,20207998,SD,Negeri,Kp. CibeberHilir,Giriasih,Batujajar,-6.891700000000,107.506400000000,84,82,166,8,4
SD NEGERI CIBEUNYING,20208010,SD,Negeri,Kp. Cibeunying,Cibodas,Lembang,-6.819100000000,107.684400000000,87,56,143,8,1
SD NEGERI CIBEUREUM,20207941,SD,Negeri,Kp. Cibeureum RT.04 RW.07,Wargasaluyu,Gununghalu,-7.012600000000,107.336100000000,103,98,201,7,2
SD NEGERI CIBEUREUM,20207881,SD,Negeri,JL. PASIRKOLOTOK Kp. CINAGROG,Citalem,Cipongkor,-6.948700000000,107.383100000000,99,94,193,7,4
SD NEGERI CIBITUNG,20227522,SD,Negeri,Kp. Bojong Lame RT.3 RW.2,Cibitung,Rongga,-6.936900000000,107.299300000000,161,146,307,10,2
SD NEGERI CIBODAS,20207875,SD,Negeri,Jl. Terusan PTPN VIII Pangheotan No. 35 Cibodas  RT.02 RW.09,Sadangmekar,Cisarua,-6.792900000000,107.503400000000,165,135,300,9,3
SD NEGERI CIBODAS 1,20207857,SD,Negeri,Kp. Cibodas RT 001 RW 008,Pangauban,Batujajar,-6.903309300000,107.453818000000,232,282,514,16,4
SD NEGERI CIBODAS 3,20207837,SD,Negeri,Kp. Cibodas,Pangauban,Batujajar,-6.902600000000,107.449800000000,220,209,429,14,4
SD NEGERI CIBULUH,20207921,SD,Negeri,Kp. Cicurug RT.01 RW.17,Sirnajaya,Gununghalu,-7.046600000000,107.296200000000,114,111,225,6,2
SD NEGERI CIBUNGUR,20207919,SD,Negeri,Kp.Cibungur RT.02 RW.09,Margaluyu,Cipeundeuy,-6.769600000000,107.315400000000,71,47,118,8,1
SD NEGERI CIBUNGUR 1,20207918,SD,Negeri,Kp Cibungur Rt 01 Rw 10,Batujajar Timur,Batujajar,-6.920400000000,107.510500000000,119,90,209,10,3
SD NEGERI CIBUNGUR 2,20207928,SD,Negeri,Kp. Cibungur Rt 02/11,Batujajar Timur,Batujajar,-6.919600000000,107.516000000000,89,97,186,7,3
SD NEGERI CIBURIAL,20207938,SD,Negeri,Jl. Tangkuban Parahu,Cibogo,Lembang,-6.810100000000,107.635900000000,163,161,324,7,2
SD NEGERI CIBURIAL,20207937,SD,Negeri,Jl. Ciburial RT.01 RW.03,Jatimekar,Cipeundeuy,-6.745000000000,107.371800000000,112,99,211,8,2
SD NEGERI CIBURUY,20207932,SD,Negeri,Kp. Ciburuy,Cintakarya,Sindangkerta,-6.999800000000,107.407900000000,115,117,232,7,3
SD NEGERI CIBURUY,20207933,SD,Negeri,Kp. Ciburuy,Citalem,Cipongkor,-6.945000000000,107.399200000000,85,93,178,8,3
SD NEGERI CICADAS,20207901,SD,Negeri,Kp Cicadas Rt.02 Rw.05,Sarimukti,Cipatat,-6.814300000000,107.348200000000,111,119,230,9,1
SD NEGERI CICADAS,20207902,SD,Negeri,Kp. Cicadas RT.2 RW.6,Cicadas,Rongga,-6.996300000000,107.224900000000,101,108,209,7,3
SD NEGERI CIDEPONG,20208170,SD,Negeri,Kp. Cidepong RT.03 RW.07,Sumurbandung,Cipatat,-6.784700000000,107.419100000000,80,71,151,6,3
SD NEGERI CIGENTUR,20208186,SD,Negeri,Jl. Raya Purwakarta No.101 RT.02 RW.01,Mandalasari,Cikalongwetan,-6.764900000000,107.444700000000,111,139,250,11,2
SD NEGERI CIGUGUR GIRANG 01,20208164,SD,Negeri,Jl. Ditasaraya No.2 RT.01 RW.05,Cigugur Girang,Parongpong,-6.829700000000,107.584400000000,94,89,183,8,1
SD NEGERI CIHALIMUN,20208149,SD,Negeri,Kp. Cihalimun Rt.01 Rw.19,Gunungmasigit,Cipatat,-6.853500000000,107.437700000000,91,69,160,7,1
SD NEGERI CIHALIWUNG,20208147,SD,Negeri,Kp. Cihaliwung Wetan  RT.03 RW.04,Sukatani,Ngamprah,-6.837300000000,107.493600000000,77,63,140,7,2
SD NEGERI CIHAMPELAS,20208144,SD,Negeri,Kp. Cihampelas,Bojongkoneng,Ngamprah,-6.831700000000,107.484600000000,126,137,263,8,4
SD NEGERI CIHAMPELAS 2,20208142,SD,Negeri,Kp. Cicalengka RT.04 RW.04,Mekarmukti,Cihampelas,-6.931600000000,107.468400000000,188,180,368,16,1
SD NEGERI CIHANJUANG,20208160,SD,Negeri,Jl. Cihanjuang  RT.02 RW.07,Cihanjuang,Parongpong,-6.843500000000,107.572400000000,319,251,570,17,2
SD NEGERI CIHANJUANG,20267598,SD,Negeri,Jalan Kp. Cihanjuang RT 01/RW 18,Mandalasari,Cikalongwetan,-6.764400000000,107.422900000000,132,133,265,9,5
SD NEGERI CIHANJUANG 2,20208158,SD,Negeri,Jl. Cihanjuang Kampung Babakan,Cihanjuang Rahayu,Parongpong,-6.811200000000,107.576800000000,83,50,133,6,2
SD NEGERI CIHANJUANG 4,20208155,SD,Negeri,Jl. Cihanjuang Rahayu,Cihanjuang Rahayu,Parongpong,-6.812800000000,107.576700000000,89,83,172,6,1
SD NEGERI CIHARASHAS,20208223,SD,Negeri,Jl PLTA Cirata Km 2,Ciharashas,Cipeundeuy,-6.736800000000,107.390300000000,78,90,168,7,2
SD NEGERI CIHARENDONG,20208216,SD,Negeri,Kp. Cinangka RT.01 RW.18,Bunijaya,Gununghalu,-7.018400000000,107.269500000000,46,36,82,7,2
SD NEGERI CIHIDEUNG 01,20208226,SD,Negeri,Jl. Terusan Sersan Bajuri No.34,Cihideung,Parongpong,-6.811500000000,107.594200000000,90,90,180,8,1
SD NEGERI CIJAMBU,20208209,SD,Negeri,Kp.tegalpanjang,Cijambu,Cipongkor,-6.939600000000,107.350700000000,130,133,263,9,3
SD NEGERI CIJAMBU,20208210,SD,Negeri,Kp. Cijambu RT.1 RW.5,Cinengah,Rongga,-6.967300000000,107.295700000000,75,71,146,8,3
SD NEGERI CIJANGGEL,20208208,SD,Negeri,Jl. Kolonel masturi No.62,Kertawangi,Cisarua,-6.802900000000,107.569400000000,127,145,272,7,0
SD NEGERI CIJATI,20208207,SD,Negeri,Kp. Cijati RT.003 RW. 011,Jatimekar,Cipeundeuy,-6.758600000000,107.373300000000,204,193,397,16,3
SD NEGERI CIKADU,20208071,SD,Negeri,KP. SUKAMAJU RT.02 RW.09,Mandalawangi,Cipatat,-6.838300000000,107.344200000000,145,146,291,8,4
SD NEGERI CIKADU,20208072,SD,Negeri,Kp Cikadu,Cikadu,Sindangkerta,-6.993300000000,107.412400000000,124,111,235,7,2
SD NEGERI CIKALAPA,20208077,SD,Negeri,Kp. Cikalapa RT.02 RW. 07,Rajamandala Kulon,Cipatat,-6.834700000000,107.361700000000,162,127,289,13,3
SD NEGERI CIKAWUNG,20208041,SD,Negeri,Kp. Cipatra RT.01 RW.04,Cijenuk,Cipongkor,-6.966700000000,107.380600000000,47,37,84,9,2
SD NEGERI CIKAWUNG,20208054,SD,Negeri,Kp. Cikawung RT.01 RW.18,Tamanjaya,Gununghalu,-6.992600000000,107.322800000000,146,166,312,10,2
SD NEGERI CIKETA,20208122,SD,Negeri,Kp. Ciketa,Cijambu,Cipongkor,-6.927300000000,107.348100000000,67,61,128,5,2
SD NEGERI CILAME,20208109,SD,Negeri,Jl. Galudra No.37 RT.02 RW.08,Cilame,Ngamprah,-6.844800000000,107.518400000000,262,229,491,19,2
SD NEGERI CILAME,20252021,SD,Negeri,Kp. Pasir Lengka RT.1 RW.1,Cibitung,Rongga,-6.953900000000,107.298200000000,57,49,106,7,2
SD NEGERI CILAYEM,20207833,SD,Negeri,Kp. Cilayem RT. 005 RW. 011,Ciptagumati,Cikalongwetan,-6.729600000000,107.442800000000,54,53,107,8,0
SD NEGERI CILEUNCA,20207561,SD,Negeri,Kp. Cileunca RT.4 RW.10,Tenjolaut,Cikalongwetan,-6.711400000000,107.439200000000,115,108,223,6,4
SD NEGERI CILILIN 3,20207574,SD,Negeri,Jln Raya Cililin,Cililin,Cililin,-6.950800000000,107.458100000000,100,103,203,10,3
SD NEGERI CIMANGGU,20207532,SD,Negeri,Kp. Pangkalan  RT.01 RW.08,Cimanggu,Ngamprah,-6.816400000000,107.512400000000,80,80,160,7,0
SD NEGERI CIMANGLID,20207531,SD,Negeri,Jl. Cimanglid,Cangkorah,Batujajar,-6.888800000000,107.464200000000,58,43,101,7,2
SD NEGERI CIMANONG,20207530,SD,Negeri,Kp. Cimanong,Karyamukti,Cililin,-7.039000000000,107.467600000000,60,54,114,8,2
SD NEGERI CIMEGA,20207542,SD,Negeri,Kp.Bojongloa RT.03 RT.03,Sarinagen,Cipongkor,-6.949600000000,107.353300000000,161,150,311,11,1
SD NEGERI CIMERANG,20207611,SD,Negeri,KP. CIMERANG RT.03 RW.05,Cipatat,Cipatat,-6.818300000000,107.391000000000,72,52,124,8,3
SD NEGERI CINANGGA,20207605,SD,Negeri,Kp. Cinangga,Pasirpogor,Sindangkerta,-6.966400000000,107.408500000000,116,103,219,8,1
SD NEGERI CINANGSI,20207624,SD,Negeri,Kp. Cinangsi Rt.02 Rw.16,Sumurbandung,Cipatat,-6.840600000000,107.390100000000,36,28,64,5,2
SD NEGERI CINENGAH,20207621,SD,Negeri,Jl. Raya GenggongRT.3RW.14,Cinengah,Rongga,-6.957300000000,107.284700000000,73,66,139,8,3
SD NEGERI CINTA BAKTI,20207603,SD,Negeri,Kp. Cibudah  RT.01 RW08.,Pasirlangu,Cisarua,-6.791000000000,107.533300000000,36,45,81,5,1
SD NEGERI CINTAASIH,20207589,SD,Negeri,Kp Cintaasih Rt 02 Rw 04,Sirnaraja,Cipeundeuy,-6.763200000000,107.383900000000,97,96,193,8,1
SD NEGERI CINTAASIH,20207616,SD,Negeri,KP. Cilame RT.06 RW.05,Cintaasih,Cipongkor,-6.973000000000,107.328100000000,93,96,189,6,2
SD NEGERI CINTALAKSANA,20207584,SD,Negeri,Kp Nyalindung Rt.01 Rw.12,Cirawamekar,Cipatat,-6.799300000000,107.429100000000,37,47,84,7,2
SD NEGERI CIPADA,20207597,SD,Negeri,Kp. Lembang Dano RT.01 RW.01,Cipada,Cikalongwetan,-6.770700000000,107.499200000000,176,186,362,12,2
SD NEGERI CIPADASARI,20207592,SD,Negeri,Kp. Babakan RT.01 RW.10,Nyalindung,Cipatat,-6.797000000000,107.444600000000,47,35,82,6,2
SD NEGERI CIPAKU,20207461,SD,Negeri,Kp. Pasir Ongret RT.04  RW.24,Gununghalu,Gununghalu,-7.032300000000,107.323700000000,33,40,73,8,1
SD NEGERI CIPANGERAN,20207474,SD,Negeri,Kp.Cibeunying,CIPANGERAN,Saguling,-6.882000000000,107.400600000000,71,55,126,8,3
SD NEGERI CIPARANG,20207470,SD,Negeri,Kp. Ciparang RT.02 RW.09 Desa Ganjarsari Kecamatan Cikalongwetan,Ganjarsari,Cikalongwetan,-6.750600000000,107.497800000000,58,63,121,6,2
SD NEGERI CIPARE,20207435,SD,Negeri,Kp. Cipare,Cipada,Cikalongwetan,-6.776000000000,107.509700000000,76,77,153,6,0
SD NEGERI CIPARI,20207434,SD,Negeri,Kp. Sandayang RT 01 RW 01,Cijambu,Cipongkor,-6.930100000000,107.353600000000,110,124,234,7,2
SD NEGERI CIPATIK 2,20207452,SD,Negeri,Kp. Babakan Sari RT 01 RW 09 Desa Cipatik Kec. Cihampelas Kab. Bandung Barat,Cipatik,Cihampelas,-6.940200000000,107.511300000000,447,413,860,23,4
SD NEGERI CIPAYUNG,20207450,SD,Negeri,Kp. Pasirceuri  RT.01 RW.22,Gununghalu,Gununghalu,-7.041200000000,107.321000000000,101,78,179,10,2
SD NEGERI CIPEDANG,20207449,SD,Negeri,Kp Cipedang RT.02 RW.04,Margalaksana,Cipeundeuy,-6.738500000000,107.338800000000,107,98,205,7,3
SD NEGERI CIPICUNG,20207515,SD,Negeri,Kp. Cipicung,Buninagara,Sindangkerta,-7.034200000000,107.450100000000,57,45,102,7,1
SD NEGERI CIPTAGUMATI,20207517,SD,Negeri,Kp. Warungjati RT.04 RW.06,Ciptagumati,Cikalongwetan,-6.741100000000,107.439400000000,92,78,170,7,1
SD NEGERI CIPTAHARJA,20207504,SD,Negeri,Jl. Desa Ciptaharja No.118,Ciptaharja,Cipatat,-6.840600000000,107.371200000000,158,136,294,11,3
SD NEGERI CIPTAKARYA,20207490,SD,Negeri,Jl.Cijambe Kp.Cibuang RT.01 RW.06,Nyenang,Cipeundeuy,-6.747800000000,107.348600000000,91,83,174,9,2
SD NEGERI CIPTALAKSANA,20207489,SD,Negeri,Kp. Pasir Waru  RT.01 RW.13,Celak,Gununghalu,-7.019900000000,107.368400000000,53,52,105,7,2
SD NEGERI CIRATA,20207483,SD,Negeri,Kp CIRATA RT.10 RW.04,Ciroyom,Cipeundeuy,-6.704100000000,107.348800000000,160,143,303,13,2
SD NEGERI CIRAWA,20207482,SD,Negeri,Kp. Cirawa RT.02 RW.06,Cirawamekar,Cipatat,-6.809400000000,107.428400000000,74,96,170,8,2
SD NEGERI CIREUNDEU,20207501,SD,Negeri,Kp. Cireundeu RT.03 RW.10,Ganjarsari,Cikalongwetan,-6.741100000000,107.497200000000,137,121,258,8,3
SD NEGERI CIRIRIP,20207499,SD,Negeri,Jl.Tegalpanjang RT.05 RW.04,Cijambu,Cipongkor,-6.928400000000,107.359600000000,98,88,186,6,4
SD NEGERI CIROYOM HILIR,20207497,SD,Negeri,JL. CIRATA RT.31 RW.11,Ciroyom,Cipeundeuy,-6.718200000000,107.349800000000,109,109,218,9,2
SD NEGERI CISALASIH,20207760,SD,Negeri,Kp. Cisalasih Rt 01 Rw 05,Cikidang,Lembang,-6.804100000000,107.664000000000,58,60,118,3,2
SD NEGERI CISARONGGE,20207756,SD,Negeri,Kp.Cisarongge,Mekarmukti,Cihampelas,-6.934300000000,107.478400000000,95,97,192,9,2
SD NEGERI CISARUA,20227527,SD,Negeri,Kp. Cisarua  RT.01 RW.07,Kertawangi,Cisarua,-6.798000000000,107.572400000000,278,226,504,13,3
SD NEGERI CISINTOK,20207780,SD,Negeri,Jl. Cihajuang No.131  RT.01 RW.03,Cihanjuang,Parongpong,-6.850100000000,107.569300000000,284,287,571,17,1
SD NEGERI CISITU,20207769,SD,Negeri,Kp. Cisitu RT.04 RW.02,Sindangjaya,Gununghalu,-7.036500000000,107.217400000000,99,69,168,8,0
SD NEGERI CITALEM,20207729,SD,Negeri,Jl.PLTA Saguling No.148 RT.03 RW.01,Citalem,Cipongkor,-6.954700000000,107.390000000000,229,195,424,14,2
SD NEGERI CITAPEN,20207727,SD,Negeri,Jl.raya Citapen no.70,Citapen,Cihampelas,-6.931200000000,107.493000000000,286,299,585,21,4
SD NEGERI CITATAH,20207746,SD,Negeri,Jl Raya Bandung Cianjur Km. 26 No. 292,Citatah,Cipatat,-6.833700000000,107.422700000000,195,170,365,12,0
SD NEGERI CITAWA,20207744,SD,Negeri,Kp. Citawa,Cikadu,Sindangkerta,-7.005300000000,107.429100000000,19,16,35,5,1
SD NEGERI CITEMBONG,20207742,SD,Negeri,Kp. Citembong RT.02 RW.12,Margaluyu,Cipeundeuy,-6.792800000000,107.306500000000,56,35,91,7,4
SD NEGERI CITRASARI,20207818,SD,Negeri,Jl. Maribaya,Langensari,Lembang,-6.824200000000,107.642400000000,164,186,350,17,2
SD NEGERI CIWARU,20207815,SD,Negeri,Kp. Ciwaru RT.02 RW.06,Bojongmekar,Cipeundeuy,-6.757700000000,107.356700000000,38,32,70,5,0
SD NEGERI CIWARUGA 1,20207812,SD,Negeri,Jl. Waruga Jaya No.09 RT.03 RW.03,Ciwaruga,Parongpong,-6.864900000000,107.574700000000,157,160,317,15,2
SD NEGERI CIWARUGA 2,20207811,SD,Negeri,Jl. Waruga Jaya No.45  RT.03 RW.07,Ciwaruga,Parongpong,-6.859300000000,107.578100000000,76,65,141,8,4
SD NEGERI DARMA BAKTI,20227529,SD,Negeri,Kp. Kancah Nangkub,Jayamekar,Padalarang,-6.861300000000,107.462300000000,78,85,163,7,1
SD NEGERI DARMAJAYA,20207807,SD,Negeri,Kp. Koreh Kotok,Pataruman,Cihampelas,-6.938500000000,107.526800000000,101,101,202,8,2
SD NEGERI DAYABAKTI,20207805,SD,Negeri,Kp. Mandorbas RT.02 RW.05,Ciptagumati,Cikalongwetan,-6.734600000000,107.443300000000,141,153,294,13,2
SD NEGERI DAYEUHLUHUR,20207657,SD,Negeri,Kp. Dayeuhluhur,Batulayang,Cililin,-6.968100000000,107.460800000000,96,108,204,6,3
SD NEGERI DERMALITA,20207656,SD,Negeri,Kp.Cipangkalan,Karyamukti,Cililin,-7.028700000000,107.475300000000,91,88,179,8,2
SD NEGERI EKAPRASETIA,20207667,SD,Negeri,Kp. Sukajadi,Weninggalih,Sindangkerta,-7.052100000000,107.397200000000,28,32,60,4,0
SD NEGERI GALANGGANG 1,20207637,SD,Negeri,Jl. Raya Pangauban No.83,Pangauban,Batujajar,-6.906800000000,107.466400000000,254,256,510,16,3
SD NEGERI GALANGGANG 2,20207636,SD,Negeri,Kp. Dunguspurna RT 1 RW 18,Galanggang,Batujajar,-6.917300000000,107.487000000000,205,193,398,15,3
SD NEGERI GALANGGANG 3,20207635,SD,Negeri,Jl. Raya Batu Jajar No 260,Galanggang,Batujajar,-6.913026425044,107.499302982898,215,211,426,15,2
SD NEGERI GALANGGANG 5,20207633,SD,Negeri,Jl. Warung Pulus,Galanggang,Batujajar,-6.917700000000,107.483900000000,69,65,134,8,3
SD NEGERI GANDAMEKAR,20207649,SD,Negeri,Kp. Pasirkaramat,Cintakarya,Sindangkerta,-7.003500000000,107.396000000000,85,94,179,7,3
SD NEGERI GANDASARI,20207646,SD,Negeri,Kp. Bojongmareme,Sindangkerta,Sindangkerta,-6.971900000000,107.414500000000,80,61,141,6,2
SD NEGERI GANDASARI,20207647,SD,Negeri,Kp. Barurende RT.02 RW.13,Cikalong,Cikalongwetan,-6.739800000000,107.425300000000,110,102,212,9,3
SD NEGERI GANDASARI,20207648,SD,Negeri,"KP BONJOT RT 02 RW 13 Desa Rancapanggung, Kec. Cililin, Kab. Bandung Barat",Rancapanggung,Cililin,-7.007300000000,107.435900000000,68,58,126,7,1
SD NEGERI GANDRUNGENDAH,20207644,SD,Negeri,Jl. Gandrung Endah No.126  RT.03 RW.10,Jambudipa,Cisarua,-6.817900000000,107.563000000000,69,76,145,7,2
SD NEGERI GANJARSARI,20207640,SD,Negeri,Kp. Bojongsero RT.02 RW.04,Ganjarsari,Cikalongwetan,-6.737200000000,107.485100000000,108,102,210,8,1
SD NEGERI GAPURAWINAYA,20207711,SD,Negeri,Kp. Gandok RT.01 RW.09,Cikadu,Sindangkerta,-6.984300000000,107.419000000000,121,129,250,11,2
SD NEGERI GAPURAWINAYA,20207724,SD,Negeri,Kp. Citunagan RT 2 RW 8 Desa Sukamanah Rongga,Sukamanah,Rongga,-6.989700000000,107.293800000000,47,60,107,7,2
SD NEGERI GARUDA,20207708,SD,Negeri,Jl. Kol. Masturi No.25  RT.01 RW.01,Kertawangi,Cisarua,-6.808200000000,107.569400000000,150,151,301,6,2
SD NEGERI GENTRAMUKTI,20207703,SD,Negeri,Kp. Cimahpar RT.1 RW.11,Cicadas,Rongga,-6.989900000000,107.206500000000,53,39,92,8,2
SD NEGERI GIRI RAHARJA,20207682,SD,Negeri,Kp. Epen RT.02 RW.04,Cimanggu,Ngamprah,-6.806600000000,107.517400000000,71,46,117,9,3
SD NEGERI GIRIASIH,20207713,SD,Negeri,Jl. Raya Cangkorah-Leuwigajah Cimahi No. 49,Giriasih,Batujajar,-6.897500000000,107.503400000000,65,75,140,4,3
SD NEGERI GIRIASIH,20207723,SD,Negeri,Kp. Gabus Girang,Karangtanjung,Cililin,-6.917400000000,107.505700000000,69,46,115,7,2
SD NEGERI GIRIMUKTI,20207701,SD,Negeri,Kp. Lembur Sawah RT.1 RW.1,Sukaresmi,Rongga,-6.944900000000,107.271800000000,21,22,43,8,2
SD NEGERI GIRIMUKTI,20207700,SD,Negeri,KP. PASIRJEUNGJING RT.05 RW.01,Girimukti,Cipongkor,-6.981400000000,107.380400000000,50,57,107,7,2
SD NEGERI GIRIMUKTI,20207685,SD,Negeri,Kp. Ciparang Rt.02 Rw.07,Cipatat,Cipatat,-6.827800000000,107.395700000000,45,41,86,8,2
SD NEGERI GIRIMUKTI,20207714,SD,Negeri,Kp. Rajamandala RT.03 RW.12,Mandalamukti,Cikalongwetan,-6.751600000000,107.453700000000,60,60,120,7,2
SD NEGERI GIRIMUKTI,20207687,SD,Negeri,Kp. Citunjang,Mekarwangi,Sindangkerta,-7.068000000000,107.415400000000,187,141,328,10,4
SD NEGERI GIRIMUKTI,20207684,SD,Negeri,Kp. Jalupang,GIRIMUKTI,Saguling,-6.885500000000,107.423700000000,125,141,266,8,1
SD NEGERI GIRIMULYA,20207712,SD,Negeri,KP. Ciwalahir Rt 02 Rw 07,Gunungmasigit,Cipatat,-6.837400000000,107.456600000000,102,84,186,8,2
SD NEGERI GIRIMULYA,20207683,SD,Negeri,MARGAMULYA,Mekarwangi,Sindangkerta,-7.064000000000,107.372200000000,110,99,209,9,0
SD NEGERI GIRISARI,20207681,SD,Negeri,Kp. Rasamala RT.4 RW.9,Bojongsalam,Rongga,-6.973500000000,107.236100000000,113,111,224,10,2
SD NEGERI GIRIWANGI,20207679,SD,Negeri,Kp. Giriwangi RT.02 RW.10,Selacau,Batujajar,-6.931500000000,107.521900000000,61,57,118,7,3
SD NEGERI GIRIWANGI,20207680,SD,Negeri,Kp. Cirumamis RT..02 RW.09,Cinengah,Rongga,-6.972500000000,107.294000000000,47,60,107,5,2
SD NEGERI GROGOL,20207699,SD,Negeri,Jl. PLTA Saguling Kp. Warung Awi,Bongas,Cililin,-6.954800000000,107.415900000000,77,65,142,8,1
SD NEGERI GUNUNGLEUTIK,20207690,SD,Negeri,Kp Cininggul RT.03 RW.02,Ciharashas,Cipeundeuy,-6.736400000000,107.389600000000,101,110,211,6,1
SD NEGERI GUNUNGMASIGIT,20205562,SD,Negeri,Jl. Raya Bandung-Cianjur Km. 24,Gunungmasigit,Cipatat,-6.833100000000,107.438000000000,201,188,389,13,2
SD NEGERI GUNUNGPUTRI,20205549,SD,Negeri,Kp. Nangela,Weninggalih,Sindangkerta,-7.052000000000,107.396000000000,55,72,127,5,0
SD NEGERI HANJUANG SAMIJAYA,20267599,SD,Negeri,Jl. Cihanjuang - Cibaligo  RT.04 RW.14,Cihanjuang,Parongpong,-6.859000000000,107.565300000000,208,191,399,11,1
SD NEGERI HARAPAN,20205572,SD,Negeri,Kp. Pasirkerak,Ranca Senggang,Sindangkerta,-7.026100000000,107.408800000000,64,32,96,8,1
SD NEGERI HARAPAN MEKAR,20205568,SD,Negeri,Jl. Kol. Mas No.588  RT.02 RW.16 Desa Jambudipa Kec. Cisarua Kab. Bandung Barat,Jambudipa,Cisarua,-6.835400000000,107.552400000000,96,99,195,8,6
SD NEGERI HARAPAN MULYA,20205544,SD,Negeri,Jl. Karyawangi No.81  RT.01 RW.06,Karyawangi,Parongpong,-6.813500000000,107.580800000000,118,136,254,13,2
SD NEGERI HARAPANJAYA,20205543,SD,Negeri,Kp. Sempurbajeg RT.01 RW.03,Cicangkang Hilir,Cipongkor,-7.007100000000,107.235800000000,69,85,154,6,2
SD NEGERI HEGARMANAH,20205521,SD,Negeri,Blok Komando,Galanggang,Batujajar,-6.968200000000,107.460700000000,163,166,329,10,3
SD NEGERI HEGARMANAH,20205523,SD,Negeri,Kp. Cageundang RT.4 RW.1,Cinengah,Rongga,-6.976400000000,107.272600000000,87,72,159,8,4
SD NEGERI HEGARMANAH,20205524,SD,Negeri,KP.TEGALLEGA,Batulayang,Cililin,-6.912700000000,107.498700000000,43,50,93,8,2
SD NEGERI HEGARMANAH,20205522,SD,Negeri,Kp. Hegarmanah,Weninggalih,Sindangkerta,-7.051300000000,107.395800000000,48,59,107,8,1
SD NEGERI INPRES CIKAHURIPAN,20205613,SD,Negeri,Kp. Pojok Tengah No.07,Cikahuripan,Lembang,-6.808600000000,107.605400000000,174,178,352,16,3
SD NEGERI JALANTIR,20205609,SD,Negeri,Kp Jalantir Rt 02 Rw 13,Selacau,Batujajar,-6.924800000000,107.504900000000,123,115,238,7,2
SD NEGERI JALUPANG,20205608,SD,Negeri,Kp. Jalupang Rt 03/03,GIRIMUKTI,Saguling,-6.899877300000,107.452078000000,97,75,172,8,2
SD NEGERI JAMBUDIPA,20205607,SD,Negeri,Kp. Jambudipa,Ganjarsari,Cikalongwetan,-6.741400000000,107.483100000000,61,56,117,7,1
SD NEGERI JASAKARYA,20205625,SD,Negeri,Kp. Sukahaji RT.01 RW.01,Sukahaji,Cipeundeuy,-6.733200000000,107.363800000000,70,59,129,8,1
SD NEGERI JATI,20205623,SD,Negeri,Kp. Sirnawati RT.02 RW.10,Sarimukti,Cipatat,-6.813500000000,107.364600000000,110,124,234,11,1
SD NEGERI JATI BARU,20205589,SD,Negeri,"Kp. Ciranji, Rt. 03 Rw. 09",SAGULING,Saguling,-6.892000000000,107.380900000000,90,78,168,7,3
SD NEGERI JATISARI,20205591,SD,Negeri,Kp.Cangkuang,Cipatik,Cihampelas,-6.944500000000,107.512800000000,215,192,407,12,2
SD NEGERI JAYA GIRI,20205600,SD,Negeri,Kp. Ciburial  RT.03 RW.09,Margajaya,Ngamprah,-6.848300000000,107.503000000000,175,134,309,13,2
SD NEGERI JAYAMEKAR,20205599,SD,Negeri,Jln Desa Jayamekar,Jayamekar,Padalarang,-6.851700000000,107.465500000000,170,163,333,12,2
SD NEGERI JEMBATANBARU,20205519,SD,Negeri,Jl. Nyalindung No.01 RT.001 RW.001,Singajaya,Cihampelas,-6.936100000000,107.474900000000,107,106,213,8,4
SD NEGERI JEPLEK,20205470,SD,Negeri,Jeplek  RT.01 RW.01,Cipada,Cisarua,-6.778900000000,107.505800000000,157,132,289,11,2
SD NEGERI JEUNGJINGRIGIL,20205453,SD,Negeri,Jl Lembur Tengah,Sariwangi,Parongpong,-6.870000000000,107.569100000000,135,134,269,12,2
SD NEGERI KAMULYAN,20205446,SD,Negeri,Kp. Cinangsi RT.05 RW.07,Nanggeleng,Cipeundeuy,-6.763400000000,107.363300000000,88,73,161,7,3
SD NEGERI KANANGASARI,20205428,SD,Negeri,Kp. Kanangasari RT.03 RW.02,Kanangasari,Cikalongwetan,-6.763200000000,107.398900000000,107,95,202,8,1
SD NEGERI KANCAH,20205427,SD,Negeri,Jl. Sukawana  RT.03 RW.16,Cihideung,Parongpong,-6.800700000000,107.587600000000,194,182,376,14,1
SD NEGERI KARANGANYAR,20205442,SD,Negeri,Jl. Desa Karanganyar,Karanganyar,Cililin,-6.977100000000,107.437300000000,53,53,106,9,2
SD NEGERI KARANGMULYA,20205433,SD,Negeri,Kp. Karangmulya Rt.02 Rw.01,Citatah,Cipatat,-6.830900000000,107.428800000000,58,45,103,7,1
SD NEGERI KARANGPUTIH,20205443,SD,Negeri,Kp. Cinangsi RT.03 RW.04,Gunungmasigit,Cipatat,-6.828400000000,107.442400000000,87,97,184,6,0
SD NEGERI KARANGTANJUNG 2,20205437,SD,Negeri,Kp. Saar Mutiara,Karangtanjung,Cililin,-6.959600000000,107.477000000000,60,57,117,8,1
SD NEGERI KARYA BAKTI,20205503,SD,Negeri,JL. LETKOL GA. MANULANG,Jayamekar,Padalarang,-6.850400000000,107.471600000000,81,81,162,7,2
SD NEGERI KARYA LAKSANA,20205498,SD,Negeri,Jln. Karya Laksana  RT.02 RW.05,Mekarsari,Ngamprah,-6.845800000000,107.511500000000,247,214,461,16,2
SD NEGERI KARYA MULYA,20205502,SD,Negeri,Jl. Giok 2 Komplek Permata No.77  RT.02 RW.06,Tanimulya,Ngamprah,-6.860800000000,107.521100000000,326,340,666,27,3
SD NEGERI KARYA UTAMA,20205501,SD,Negeri,Jln. Nyampay  RT.02 RW.03,Karyawangi,Parongpong,-6.821800000000,107.582000000000,95,95,190,9,1
SD NEGERI KARYABAKTI,20205505,SD,Negeri,Pasirkuda  RT.01 RW.11,Pasirlangu,Cisarua,-6.797200000000,107.543700000000,79,61,140,7,0
SD NEGERI KARYAJATI,20205500,SD,Negeri,Kp. Warungjati RT.04 RW.06,Ciptagumati,Cikalongwetan,-6.748400000000,107.463900000000,102,107,209,6,1
SD NEGERI KARYAMUKTI,20205496,SD,Negeri,Kp. Cisomanghilir RT.02 RW.02,Tenjolaut,Cikalongwetan,-6.698200000000,107.415500000000,85,94,179,9,2
SD NEGERI KARYAWANGI,20205506,SD,Negeri,Jl. Kolonel Masturi No.288  RT.01 RW.11,Karyawangi,Parongpong,-6.803200000000,107.581800000000,276,248,524,13,3
SD NEGERI KERTAMUKTI,20205483,SD,Negeri,KP. CIKONDANG RT. 01 RW. 14,Kertamukti,Cipatat,-6.817100000000,107.375000000000,77,75,152,6,3
SD NEGERI KERTASARI,20205489,SD,Negeri,KP. SUDIMAMPIR HILIR,Kertajaya,Padalarang,-6.775300000000,107.572800000000,108,96,204,9,2
SD NEGERI KERTASARI,20205490,SD,Negeri,JL. Mekar Tani  RT.02 RW.10,Kertawangi,Cisarua,-6.800300000000,107.559200000000,172,175,347,13,1
SD NEGERI KIARAPAYUNG,20205767,SD,Negeri,Kp. Pasir Kihiang RT 001 RW 004,Mekarsari,Ngamprah,-6.840000000000,107.508200000000,176,148,324,10,3
SD NEGERI KUBANGSARI,20205740,SD,Negeri,Kp. Kubangsari RT.02 RW.05,Tenjolaut,Cikalongwetan,-6.710000000000,107.411300000000,57,84,141,7,3
SD NEGERI KUBANGSARI,20205739,SD,Negeri,KP. CicalengkaRT.2RW.1,Cicadas,Rongga,-6.710000000000,107.411300000000,47,40,87,7,2
SD NEGERI KUTAMULYA,20205757,SD,Negeri,Kp. Cimanjah Rt 03 Rw 08,CIKANDE,Saguling,-6.871600000000,107.432700000000,97,95,192,8,2
SD NEGERI LAMPINGSARI,20205812,SD,Negeri,Kp. Lamping rt. 03/04,Singajaya,Cihampelas,-6.952200000000,107.481600000000,80,80,160,7,2
SD NEGERI LANGENSARI,20205831,SD,Negeri,Jl. Raya Cibedug Kp. Lebaksaat,Cibedug,Rongga,-7.000300000000,107.275000000000,102,69,171,7,2
SD NEGERI LEBAK GEDE,20205808,SD,Negeri,Kp. Lebak Gede  RT.05 RW.03,Bojongkoneng,Ngamprah,-6.831700000000,107.486400000000,160,133,293,6,3
SD NEGERI LEBAKLEUNGSIR,20205795,SD,Negeri,Kp. Lebakleungsir,Mekarjaya,Cikalongwetan,-6.791900000000,107.450400000000,89,76,165,9,1
SD NEGERI LEGOKPEUNDEUY,20205807,SD,Negeri,Kp. Legokpeundeuy RT.01 RW.02,Sumurbandung,Cipatat,-6.774300000000,107.431900000000,75,58,133,7,2
SD NEGERI LEMAHSARI,20205804,SD,Negeri,Kp.cipadung,Singajaya,Cihampelas,-6.950200000000,107.479800000000,60,35,95,6,2
SD NEGERI LEMBANG,20205803,SD,Negeri,Kp. Poponcol Rt.01 Rw.07,Mukapayung,Cililin,-6.987100000000,107.464700000000,90,82,172,6,3
SD NEGERI LEMBURSAWAH,20205662,SD,Negeri,Kp.cilambuuh,Mekarjaya,Cihampelas,-6.922000000000,107.453300000000,59,48,107,7,3
SD NEGERI LITAJAYA,20205633,SD,Negeri,Kp.cipanji,Cihampelas,Cihampelas,-6.928000000000,107.483300000000,125,147,272,14,2
SD NEGERI LITASEMBADA,20205630,SD,Negeri,Jl.raya Sukatani No.3,Cililin,Cililin,-6.953200000000,107.464700000000,112,106,218,7,1
SD NEGERI MANDALASARI,20205247,SD,Negeri,Jl. Desa Mandalasari No.33,Mandalasari,Cipatat,-6.824100000000,107.339000000000,191,185,376,14,2
SD NEGERI MANDALAWANGI,20205697,SD,Negeri,Kp Pabuaran RT.03 RW.13,Mandalawangi,Cipatat,-6.833300000000,107.330000000000,165,150,315,12,3
SD NEGERI MANGGAH,20205708,SD,Negeri,Kp. Manggah RT.02 RW.07,Kertamukti,Cipatat,-6.815300000000,107.381300000000,119,97,216,6,2
SD NEGERI MANOKO,20205700,SD,Negeri,Jl. Manoko,Cikahuripan,Lembang,-6.807800000000,107.612200000000,145,126,271,10,3
SD NEGERI MARGA MULYA,20205130,SD,Negeri,Jl. Somawinata Kampung Kebon Kalapa  RT.11 RW.16,Tanimulya,Ngamprah,-6.859300000000,107.530800000000,95,106,201,7,5
SD NEGERI MARGAASIH,20205160,SD,Negeri,Kp. Margaluyu RT.03 RW.10,Kertamukti,Cipatat,-6.821900000000,107.380500000000,39,38,77,6,3
SD NEGERI MARGAASIH,20205161,SD,Negeri,Kp. Cijamil   RT.01 RW.16,Cilame,Ngamprah,-6.817900000000,107.394100000000,133,110,243,8,4
SD NEGERI MARGAHURIP,20205169,SD,Negeri,Kp. Pamipiran,Buninagara,Sindangkerta,-7.040400000000,107.450300000000,60,53,113,8,4
SD NEGERI MARGAJAYA,20205168,SD,Negeri,Jl. Cilame No.71 RT.04 RW.05,Margajaya,Ngamprah,-6.858400000000,107.505400000000,218,189,407,15,2
SD NEGERI MARGALAKSANA,20205166,SD,Negeri,Kp. Margalaksana RT.03 RW.03,Kertamukti,Cipatat,-6.807800000000,107.390000000000,35,34,69,8,1
SD NEGERI MARGALAKSANA,20205167,SD,Negeri,Kp. Margalaksana,Margalaksana,Cipeundeuy,-6.744100000000,107.348100000000,65,52,117,9,3
SD NEGERI MARGALUYU,20205135,SD,Negeri,Jl. Raya Citatah KM. 30,Citatah,Cipatat,-6.807000000000,107.325600000000,130,95,225,7,2
SD NEGERI MARGAMEKAR,20205134,SD,Negeri,Kp.Cihamirung,Mekarjaya,Cihampelas,-6.910700000000,107.450000000000,141,140,281,12,3
SD NEGERI MARGAMULYA,20205131,SD,Negeri,Kp. Pareang RT.01 RW.11,Wangunsari,Sindangkerta,-7.055300000000,107.419700000000,48,36,84,4,2
SD NEGERI MARGARAHAYU,20205138,SD,Negeri,Kp. Sudimampir Rt.02 Rw.20,Cempakamekar,Padalarang,-6.808800000000,107.458500000000,107,104,211,8,2
SD NEGERI MAROKO,20205147,SD,Negeri,Kp.Maroko,Mekarjaya,Cihampelas,-6.906600000000,107.438200000000,92,85,177,8,4
SD NEGERI MEKAR RAHAYU,20205205,SD,Negeri,Kp. Manglayang  RT.02 RW.03,Cihanjuang Rahayu,Parongpong,-6.830100000000,107.571700000000,87,81,168,8,2
SD NEGERI MEKARASIH,20205201,SD,Negeri,Kp.Sareuni,Mekarjaya,Cihampelas,-6.912200000000,107.441600000000,130,126,256,11,4
SD NEGERI MEKARJAYA,20205212,SD,Negeri,Jl. PTPN Perkebunan Pangheotan Kamp. Nyondol RT 02 RW 08,Cempakamekar,Padalarang,-6.796300000000,107.462300000000,73,82,155,8,2
SD NEGERI MEKARJAYA,20205213,SD,Negeri,Kp. Seketando RT. 02 RW. 14,Cangkorah,Batujajar,-6.886900000000,107.471800000000,111,96,207,4,3
SD NEGERI MEKARLAKSANA,20205185,SD,Negeri,KP. Nagrak RT 02 RW 08,Margalaksana,Cipeundeuy,6.727100000000,107.334800000000,107,104,211,8,2
SD NEGERI MEKARSARI,20205195,SD,Negeri,PASIRASTANA RT 02/03,Cangkorah,Batujajar,-6.892500000000,107.484600000000,108,125,233,7,1
SD NEGERI MEKARSARI,20205186,SD,Negeri,Kp. Cigarung RT.01 RW.01,Mekarsari,Cipongkor,-6.939900000000,107.365900000000,32,49,81,7,3
SD NEGERI MEKARSARI,20205176,SD,Negeri,KP. SELAJAMBE RT.04 RW.13,Citatah,Cipatat,-6.856800000000,107.417200000000,61,52,113,6,1
SD NEGERI MEKARWANGI,20205192,SD,Negeri,Kp. Buniwangi,Mekarwangi,Lembang,-6.850200000000,107.630000000000,63,59,122,8,3
SD NEGERI MERDEKA,20205075,SD,Negeri,Jl. Peneropongan Bintang,Gudangkahuripan,Lembang,-6.822900000000,107.612500000000,137,144,281,10,2
SD NEGERI MUNGGANG SALUYU,20205053,SD,Negeri,JL SUKAMULUS NO 1,Cigugur Girang,Parongpong,-6.839700000000,107.583300000000,151,149,300,10,1
SD NEGERI NAGRAK,20205074,SD,Negeri,Kp. Nagrak,Sukajaya,Lembang,-6.803200000000,107.598100000000,207,181,388,12,3
SD NEGERI NANGELA,20205037,SD,Negeri,Kp. Weninggalih,Weninggalih,Sindangkerta,-7.019100000000,107.382300000000,95,83,178,7,1
SD NEGERI NANGGERANG,20205032,SD,Negeri,Kp.Nanggerang,Nanggerang,Cililin,-7.016800000000,107.462000000000,41,28,69,8,1
SD NEGERI NEGLAJAYA,20205044,SD,Negeri,Jl.Neglajaya RT.03 RW.12,Tagogapu,Padalarang,-6.816000000000,107.475600000000,97,101,198,7,3
SD NEGERI NEGLASARI,20205106,SD,Negeri,JL. GANDASOLI RT.01 RW.09,Margalaksana,Cipeundeuy,-6.741600000000,107.343100000000,113,114,227,7,5
SD NEGERI NEGLASARI,20205101,SD,Negeri,Kp. Cicangkuang Rt 03 / 08,Giriasih,Batujajar,-6.900100000000,107.500800000000,188,168,356,14,3
SD NEGERI NEGLASARI,20205105,SD,Negeri,Kp. Selagombong RT.05 RW.09,Mandalamukti,Cikalongwetan,-6.739200000000,107.454000000000,62,69,131,8,3
SD NEGERI NEGLASARI,20205104,SD,Negeri,Jl. Raya Gununghalu No.610 RT.03 RW.16,Gununghalu,Gununghalu,-7.058900000000,107.353600000000,130,125,255,11,2
SD NEGERI NEGLASARI,20205043,SD,Negeri,KP. KATULAMPA RT.04 RW.08,Baranangsiang,Cipongkor,-6.896400000000,107.335900000000,57,44,101,4,2
SD NEGERI NGAMPRAH KIDUL,20205100,SD,Negeri,Jl. Desa Ngamprah RT.04 RW.03,Ngamprah,Ngamprah,-6.830900000000,107.502100000000,90,83,173,7,4
SD NEGERI NUGRAHA,20205085,SD,Negeri,Kp. Bojong Asih RT.01 RW.10,Cikalong,Cikalongwetan,-6.725900000000,107.419800000000,172,182,354,15,1
SD NEGERI NURUL SALAM,20227547,SD,Negeri,Kp. Kawung Luwuk RT.1 RW.1,Sukamanah,Rongga,-6.988000000000,107.278300000000,49,60,109,6,2
SD NEGERI PABUARAN,20205097,SD,Negeri,Kp. Pabuaran Rt.01 Rw.01,Mandalawangi,Cipatat,-6.832900000000,107.330100000000,143,114,257,12,3
SD NEGERI PADAKATI,20205090,SD,Negeri,Jl. AMD Manunggal 50 No.85A,Cibenda,Cipongkor,-6.941000000000,107.323800000000,194,157,351,12,3
SD NEGERI PADAMEKAR,20205356,SD,Negeri,Kp. Gunung Gadung RT.03/06,Nanggerang,Cililin,-7.020900000000,107.465400000000,52,37,89,8,1
SD NEGERI PAGERMANEUH,20205347,SD,Negeri,Kp. Pagermaneuh,Pagerwangi,Lembang,-6.842200000000,107.621800000000,139,119,258,12,2
SD NEGERI PAKUHAJI,20205324,SD,Negeri,Kp. Pakuhaji  RT.02 RW.07,Pakuhaji,Ngamprah,-6.826900000000,107.540400000000,168,141,309,10,2
SD NEGERI PAKUSARAKAN,20205323,SD,Negeri,"Jl. Somawinata I, Kp. Kebon Kalapa  RT.07 RW.16",Tanimulya,Ngamprah,-6.859400000000,107.530800000000,273,234,507,19,3
SD NEGERI PALASARI,20205342,SD,Negeri,Kp. Palasari RT/RW. 01/07,Sukamanah,Rongga,-6.972600000000,107.310700000000,42,43,85,5,4
SD NEGERI PALASARI,20205341,SD,Negeri,Kp.Palasari RT.01 RW.07,Cintaasih,Cipongkor,-6.971600000000,107.312300000000,77,55,132,6,3
SD NEGERI PAMEDARHARTI,20205404,SD,Negeri,Kp. Pasirmuncang,Cicangkang Girang,Sindangkerta,-7.007700000000,107.381800000000,105,96,201,8,1
SD NEGERI PAMEUNGPEUK,20205401,SD,Negeri,Jl. Pasirhalang No.28,Pasirhalang,Cisarua,-6.816300000000,107.546200000000,226,206,432,13,1
SD NEGERI PAMUCATAN,20205410,SD,Negeri,Jalan Raya Pamucatan 130 Rt 04 Rw 09,Ciburuy,Padalarang,-6.831500000000,107.459300000000,104,91,195,6,1
SD NEGERI PANARUBAN,20205380,SD,Negeri,Kp. Panaruban  RT.05 RW.12,Bojongkoneng,Ngamprah,-6.816300000000,107.491000000000,117,100,217,8,1
SD NEGERI PANARUBAN,20205381,SD,Negeri,KP. Cangkuang Rt 04 Rw 02,Karanganyar,Cililin,-6.935100000000,107.389400000000,89,71,160,8,2
SD NEGERI PANCASILA,20205378,SD,Negeri,Jl. Peneropongan Bintang No.52,Gudangkahuripan,Lembang,-6.822100000000,107.612700000000,292,299,591,22,5
SD NEGERI PANGGELARBUDI,20227549,SD,Negeri,Kp. Ciwidara,Wangunsari,Sindangkerta,-7.027900000000,107.408300000000,33,39,72,8,1
SD NEGERI PANGHEGAR,20205259,SD,Negeri,Kp. Kadudampit RT.03 RW.03,Cisomang Barat,Cikalongwetan,-6.723300000000,107.450100000000,133,100,233,9,3
SD NEGERI PANGHEOTAN,20205258,SD,Negeri,Kp. Pangheotan RT.01 RW.06,Ganjarsari,Cikalongwetan,-6.755000000000,107.486200000000,41,26,67,6,2
SD NEGERI PANYAIRAN 01,20205268,SD,Negeri,Jl. Cigugur Girang No.18  RT.02 RW.02,Cigugur Girang,Parongpong,-6.812400000000,107.588400000000,123,142,265,14,3
SD NEGERI PAOJANSARI,20205232,SD,Negeri,Kp.leuweunggede,Situwangi,Cihampelas,-6.957700000000,107.510100000000,230,199,429,12,1
SD NEGERI PARAKANKOPO,20205227,SD,Negeri,Kp. Cikokosan RT 002 RW 002,Kertamukti,Cipatat,-6.813200000000,107.395300000000,91,69,160,8,2
SD NEGERI PARATAG,20205236,SD,Negeri,Kp. Paratag RT.01 RW.21,Gununghalu,Gununghalu,-7.041100000000,107.314000000000,96,82,178,7,1
SD NEGERI PAREANGKOLOT,20205237,SD,Negeri,Jl. Desa Mandalasari No. 26,Mandalasari,Cipatat,-6.826500000000,107.331700000000,133,118,251,5,2
SD NEGERI PASEGAN,20205316,SD,Negeri,Kp. Pasegan RT.03 RW.17,Cipatat,Cipatat,-6.856100000000,107.405900000000,52,46,98,7,1
SD NEGERI PASIR HAUR,20205311,SD,Negeri,Kp. Pasir Haur,Bojongkoneng,Ngamprah,-6.812300000000,107.502000000000,127,106,233,7,3
SD NEGERI PASIR HUNI,20205310,SD,Negeri,Jalan Cimenteng,Cimanggu,Ngamprah,-6.813700000000,107.523000000000,68,37,105,7,1
SD NEGERI PASIRAJAG,20205277,SD,Negeri,Kp Sempurbajeg RT.01 RW.03,Cicangkang Hilir,Cipongkor,-6.967700000000,107.411700000000,88,84,172,6,2
SD NEGERI PASIRBANTENG,20205274,SD,Negeri,Kp. Cibanteng RT.01 RW.05,Citalem,Cipongkor,-6.955400000000,107.393200000000,111,112,223,7,3
SD NEGERI PASIRCALUNG,20205295,SD,Negeri,Jl. Desa Cipada No. 30,Cipada,Cisarua,-6.795700000000,107.523900000000,104,118,222,5,2
SD NEGERI PASIRDADALI,20205294,SD,Negeri,Kp Cihuni RT.03 RW.06,Citalem,Cipongkor,-6.958000000000,107.380100000000,64,56,120,5,4
SD NEGERI PASIRHALANG,20205293,SD,Negeri,Kp. Pasirhalang RT.03 RW.14,Mandalamukti,Cikalongwetan,-6.752100000000,107.458600000000,92,98,190,8,2
SD NEGERI PASIRIPIS,20205833,SD,Negeri,Kp. Pasiripis,Jayagiri,Lembang,-6.799300000000,107.618700000000,57,60,117,4,4
SD NEGERI PASIRKALAPA,20206360,SD,Negeri,Kp.Pasirkalapa,Situwangi,Cihampelas,-6.966200000000,107.508300000000,64,75,139,7,3
SD NEGERI PASIRKALIKI,20206359,SD,Negeri,Kp. Pasirkaliki,Ranca Senggang,Sindangkerta,-7.025500000000,107.409600000000,41,30,71,6,0
SD NEGERI PASIRLEMU,20206374,SD,Negeri,Kp. Pasirlemu RT.01 RW.01,Gununghalu,Gununghalu,-7.031700000000,107.308800000000,119,89,208,8,3
SD NEGERI PASIRMUNCANG,20227553,SD,Negeri,Jl. Raya Cigugur Girang No. 234 Kp. Pangsor RT 03 RW 07,Cigugur Girang,Parongpong,-6.838300000000,107.585100000000,116,115,231,10,3
SD NEGERI PASIRPANJANG,20206353,SD,Negeri,Jl.raya Pasirpanjang RT.06 RW.01,Rancapanggung,Cililin,-6.974300000000,107.435600000000,95,104,199,7,1
SD NEGERI PASIRPULUS KULON,20206330,SD,Negeri,Kp. Cikande,BOJONG HALEUANG,Saguling,-6.868100000000,107.443700000000,40,32,72,6,2
SD NEGERI PASIRSEREH,20206339,SD,Negeri,Kp. Pasirsereh,Mukapayung,Cililin,-6.997700000000,107.471600000000,118,102,220,10,3
SD NEGERI PASIRTARASI,20206340,SD,Negeri,Jl. Cikaracak RT.02 RW.03,Cijambu,Cipongkor,-6.917900000000,107.340500000000,74,78,152,8,2
SD NEGERI PASIRWANGI,20206350,SD,Negeri,Kp. Pasirwangi,Gudangkahuripan,Lembang,-6.824700000000,107.600900000000,161,158,319,11,1
SD NEGERI PATROL,20206346,SD,Negeri,Kp. Patrol RT.05 RW.06,Puteran,Cikalongwetan,-6.710400000000,107.384700000000,66,48,114,6,1
SD NEGERI PUNCAKSARI,20206400,SD,Negeri,Jl. Raya Puncaksari,Puncaksari,Sindangkerta,-6.990100000000,107.394100000000,78,68,146,8,1
SD NEGERI PUSPAENDAH,20206379,SD,Negeri,Kp. Angkum  RT.03/RW.07,Sirnajaya,Gununghalu,-7.006400000000,107.307500000000,59,39,98,7,3
SD NEGERI PUSPAINDAH,20206380,SD,Negeri,Kp. LebakmuncangRT.2RW.3,Sukamanah,Rongga,-6.982500000000,107.292100000000,79,68,147,8,1
SD NEGERI RAHAYU,20206398,SD,Negeri,Kp Tugu RT.02 RW.14,Ciharashas,Cipeundeuy,-6.738800000000,107.391900000000,77,67,144,7,3
SD NEGERI RANCABENTANG,20206259,SD,Negeri,Kp. Rancabentang RT. 001 RW. 022,Rajamandala Kulon,Cipatat,-6.823400000000,107.357700000000,86,77,163,6,3
SD NEGERI RANCAIRUNG 4,20206231,SD,Negeri,Kp. Sukaguna,Mekarjaya,Cihampelas,-6.918000000000,107.449700000000,123,104,227,9,3
SD NEGERI RANCAIRUNG 5,20206230,SD,Negeri,Kp.Ciajag,Tanjungjaya,Cihampelas,-6.923700000000,107.415000000000,42,48,90,7,1
SD NEGERI RANCASENGGANG,20206322,SD,Negeri,Kp. Rancasenggang,Ranca Senggang,Sindangkerta,-7.001500000000,107.417000000000,32,49,81,6,3
SD NEGERI RAWASARI,20206286,SD,Negeri,Kp. Cipongporang RT.02 RW.09,Nyenang,Cipeundeuy,-6.741000000000,107.346000000000,74,62,136,7,3
SD NEGERI RENDEH,20206284,SD,Negeri,Jl. Raya Kp Rende  RT.02 RW.02,Rende,Cikalongwetan,-6.735900000000,107.400600000000,207,200,407,14,2
SD NEGERI RENDEHKIDUL,20206283,SD,Negeri,Jl. Pinangsiang RT.02 RW.12,Rende,Cikalongwetan,-6.738300000000,107.393500000000,119,101,220,8,2
SD NEGERI RIMBAKARYA,20206289,SD,Negeri,Kp Citembong,Margaluyu,Cipeundeuy,-6.794500000000,107.316100000000,90,74,164,8,2
SD NEGERI RONGGA.,20206299,SD,Negeri,Jl.pembangunan,Cihampelas,Cihampelas,-6.951000000000,107.502800000000,204,198,402,15,3
SD NEGERI SAAPAN,20206296,SD,Negeri,Jl.Raya Cipatik,Cipatik,Cihampelas,-6.935300000000,107.504300000000,169,180,349,13,2
SD NEGERI SADANG,20206295,SD,Negeri,Kp. Cikadu RT 003 RW 014,Ciburuy,Padalarang,-6.828600000000,107.467400000000,96,76,172,4,1
SD NEGERI SADARGALIH,20206294,SD,Negeri,Kp.cintakarya,Citapen,Cihampelas,-6.941800000000,107.498100000000,285,271,556,16,2
SD NEGERI SALAMPRAJA,20206573,SD,Negeri,Kp. Pangalengan RT.02 RW.03,Tenjolaut,Cikalongwetan,-6.702400000000,107.413300000000,80,78,158,6,2
SD NEGERI SAMPIHMANGGU,20206554,SD,Negeri,Kp. Sampihmanggu,Cangkorah,Batujajar,-6.893500000000,107.475700000000,116,100,216,8,2
SD NEGERI SARIMUKTI,20206566,SD,Negeri,Jl. Cirata KM.03 Kp. Jati RT.01 RW.01,Sarimukti,Cipatat,-6.814300000000,107.343500000000,98,113,211,6,2
SD NEGERI SARINAGEN,20206548,SD,Negeri,Kp Ciakar RT.02 RW.07,Sarinagen,Cipongkor,-6.935300000000,107.359200000000,70,63,133,5,4
SD NEGERI SARIWANGI,20258101,SD,Negeri,Jl.Sariwangi Raya No.129A RT.05 RW.09,Sariwangi,Parongpong,-6.863400000000,107.570000000000,293,295,588,19,2
SD NEGERI SASAK SAAT,20206547,SD,Negeri,Jl. Raya Purwakarta Km 29,Sumurbandung,Cipatat,-6.784100000000,107.434700000000,44,41,85,8,1
SD NEGERI SASAKSENG,20206533,SD,Negeri,Kp Cirawa RT.02 RW.14,Cirawamekar,Cipatat,-6.814400000000,107.421400000000,110,114,224,7,1
SD NEGERI SELACAU,20206539,SD,Negeri,Kp. Selacau RT 01 Rw 06,Selacau,Batujajar,-6.932500000000,107.508700000000,255,236,491,14,5
SD NEGERI SELAENDAH,20206540,SD,Negeri,Kp. Selacau  RT.01 RW.08,Sadangmekar,Cisarua,-6.793200000000,107.486700000000,113,114,227,7,2
SD NEGERI SELAKOPI,20206538,SD,Negeri,Kp. Selakopi,Cihampelas,Cihampelas,-6.912800000000,107.459900000000,92,86,178,7,1
SD NEGERI SELAKUNING,20206537,SD,Negeri,Kp. Selakuning RT.02 RW.02,Mekarjaya,Cikalongwetan,-6.778900000000,107.486000000000,100,114,214,7,0
SD NEGERI SINARJAYA,20206610,SD,Negeri,Blok Sinarjaya RT/RW. 03/15,Batujajar Barat,Batujajar,-6.923900000000,107.494700000000,267,239,506,16,3
SD NEGERI SINARSALUYU,20206620,SD,Negeri,"Kp. Cipeundeuy, RT 02 RW 04",JATI,Saguling,-6.868400000000,107.483700000000,68,59,127,6,3
SD NEGERI SINDANGLAYA,20206616,SD,Negeri,Kp. Jajaway RT.01 RW.05,Mekarsari,Cipongkor,-6.945200000000,107.374500000000,51,43,94,8,2
SD NEGERI SINDANGPALAY,20206614,SD,Negeri,JL. SIRNARAJA RT.02 RW.09,Sirnaraja,Cipeundeuy,-6.773200000000,107.381400000000,71,92,163,6,2
SD NEGERI SINDANGPALAY,20206613,SD,Negeri,Kp. Sindangpalay RT.03 RW.01,Cilangari,Gununghalu,-7.031900000000,107.235300000000,85,73,158,7,1
SD NEGERI SINDANGRASA,20206598,SD,Negeri,Kp. Bongkok RT.01 RW.15,Mekarjaya,Cikalongwetan,-6.771100000000,107.469700000000,86,47,133,6,2
SD NEGERI SINDANGSARI,20206582,SD,Negeri,JL. MELATI PERUM CIAMPEL INDAH,Laksanamekar,Padalarang,-6.880800000000,107.503500000000,182,195,377,12,2
SD NEGERI SINDANGSARI,20206584,SD,Negeri,Jl. Sindangsari  RT.01 RW.06,Cimareme,Ngamprah,-6.865600000000,107.512300000000,94,89,183,8,3
SD NEGERI SINDANGSARI,20206597,SD,Negeri,Kp. Sindangpalay RT.2 RW.12,Bojong,Rongga,-6.982000000000,107.272700000000,74,57,131,7,4
SD NEGERI SINDANGSARI,20206583,SD,Negeri,Jl. Raya Bandung Cianjur Km 28,Citatah,Cipatat,-6.829700000000,107.411000000000,105,94,199,8,1
SD NEGERI SIRNAGALIH,20206474,SD,Negeri,Jl. Giok IV Rawa Pojok RT.02 RW.06,Tanimulya,Ngamprah,-6.860700000000,107.520700000000,325,296,621,25,2
SD NEGERI SIRNAGALIH,20206574,SD,Negeri,Kp.sinargalih RT.01/06,Wangunsari,Sindangkerta,-7.031900000000,107.420000000000,52,35,87,6,2
SD NEGERI SIRNAGALIH,20206609,SD,Negeri,Kp. Cicau RT.03 RW.06 Desa Sirnagalih,Sirnagalih,Cipongkor,-6.916300000000,107.332900000000,196,207,403,17,4
SD NEGERI SIRNAGALIH,20206587,SD,Negeri,Kp. Balong RT.02 RW.04 Desa Bongas,Bongas,Cililin,-6.955200000000,107.430800000000,63,39,102,8,1
SD NEGERI SIRNASARI,20206455,SD,Negeri,Kp. Bunder RT.01 RW.04,Karangsari,Cipongkor,-6.970100000000,107.346900000000,94,87,181,7,4
SD NEGERI SIRNASARI,20206457,SD,Negeri,KP. Sirnasari RT.04 RW.02,Bunijaya,Gununghalu,-7.010500000000,107.276300000000,93,97,190,8,2
SD NEGERI SITUBOLANG,20206452,SD,Negeri,Kp. Situbolang,Margajaya,Ngamprah,-6.856200000000,107.501500000000,68,72,140,6,1
SD NEGERI SITUWANGI,20206462,SD,Negeri,Kp.situwangi,Situwangi,Cihampelas,-6.954200000000,107.510100000000,154,154,308,13,0
SD NEGERI SUDIMAMPIR,20206428,SD,Negeri,Kp. Pasir Tugu RT.04 RW.02,Wargasaluyu,Gununghalu,-7.018600000000,107.327800000000,63,45,108,7,2
SD NEGERI SUGIHARTI,20206436,SD,Negeri,Kp. Cibadak,Nanggerang,Cililin,-7.015200000000,107.466500000000,53,60,113,8,3
SD NEGERI SUKABETAH,20206442,SD,Negeri,Jl.PLTA Cirata Km.1 Sukabetah RT.01 RW.11,Ciharashas,Cipeundeuy,-6.731500000000,107.388700000000,82,83,165,7,3
SD NEGERI SUKAHURIP,20206510,SD,Negeri,Jl. Cigugurgirang  RT.01 RW.03,Cigugur Girang,Parongpong,-6.822500000000,107.586200000000,122,114,236,9,2
SD NEGERI SUKAJADI,20206511,SD,Negeri,Kp. Sukajadi,Cicangkang Girang,Sindangkerta,-7.003500000000,107.390800000000,167,138,305,9,2
SD NEGERI SUKAJAYA,20206519,SD,Negeri,Jl. Kolonel Masturi No. 95,Sukajaya,Lembang,-6.808800000000,107.597500000000,161,145,306,16,2
SD NEGERI SUKAMAJU,20206484,SD,Negeri,KP. SUKAMAJU NO. 22 RT. 03/06,Padalarang,Padalarang,-6.841800000000,107.478200000000,166,189,355,14,1
SD NEGERI SUKAMAJU,20206514,SD,Negeri,Jl. Desa Cilame No.20 RT.01 RW.02,Cilame,Ngamprah,-6.854600000000,107.517700000000,355,323,678,26,3
SD NEGERI SUKAMAJU,20206485,SD,Negeri,Blok Sukamaju,Batujajar Barat,Batujajar,-6.920900000000,107.488000000000,112,93,205,8,2
SD NEGERI SUKAMANAH,20206492,SD,Negeri,Kp. Sukamanah,Cicangkang Girang,Sindangkerta,-6.997600000000,107.384400000000,111,114,225,7,1
SD NEGERI SUKAMANAH,20206493,SD,Negeri,KP. Cikawung RT.4 RW.10,Sukamanah,Rongga,-6.994600000000,107.284600000000,100,94,194,8,1
SD NEGERI SUKAMANAH,20206497,SD,Negeri,Kp. Pasirkadu Rt. 01 Rw. 08,Mukapayung,Cililin,-6.982809000000,107.461160000000,72,72,144,8,3
SD NEGERI SUKAMULYA,20205971,SD,Negeri,Jl. Sukamulya  RT.02 RW.04,Cihideung,Parongpong,-6.837500000000,107.591700000000,141,142,283,10,2
SD NEGERI SUKASARI,20206008,SD,Negeri,Sukasari,Galanggang,Batujajar,-6.911200000000,107.474600000000,226,229,455,14,2
SD NEGERI SUKASARI,20206014,SD,Negeri,Kp. Sukarame RT.06 RW.02,Ciptaharja,Cipatat,-6.832500000000,107.366100000000,47,57,104,8,1
SD NEGERI SUKASARI,20206018,SD,Negeri,JL. CIPEUTI,Tanjungwangi,Cihampelas,-6.966900000000,107.495400000000,62,60,122,8,3
SD NEGERI SUKASARI,20206015,SD,Negeri,KP. Pasirpitak RT.02 RW.13,Sukasari,Gununghalu,-6.996600000000,107.339700000000,54,59,113,9,1
SD NEGERI SUKASIRNA,20206023,SD,Negeri,Jl. Terusan Sersan Bajuri No.34,Cihideung,Parongpong,-6.811500000000,107.594100000000,85,82,167,8,2
SD NEGERI SUMBERARUM,20205988,SD,Negeri,Kp. Cicariu RT.02  RW.14,Sirnajaya,Gununghalu,-7.027800000000,107.295700000000,94,81,175,7,1
SD NEGERI SUMBERARUM,20205987,SD,Negeri,KP. PASIRLAME,Cikadu,Sindangkerta,-7.005600000000,107.428900000000,74,51,125,8,4
SD NEGERI SUNANGIRI,20227571,SD,Negeri,Jl. Pojok Angkasa,Ciburuy,Padalarang,-6.828700000000,107.455900000000,83,106,189,8,2
SD NEGERI SURAMANGGALA,20206005,SD,Negeri,Kp. Suramanggala RT.01 RW.01,Baranangsiang,Cipongkor,-6.919400000000,107.365100000000,69,52,121,6,2
SD NEGERI TAGOG,20206003,SD,Negeri,Kp Tagog RT.01 RW.03,Mandalawangi,Cipatat,-6.837900000000,107.326700000000,39,33,72,8,2
SD NEGERI TALUN,20205995,SD,Negeri,Kp.Talun RT.01 RW.08,Ciptaharja,Cipatat,-6.849300000000,107.367800000000,145,127,272,10,4
SD NEGERI TAMANJAYA,20205863,SD,Negeri,Kp. Tamanjaya RT.02 RW.20,Sirnajaya,Gununghalu,-7.019400000000,107.293200000000,123,134,257,8,3
SD NEGERI TAMANSARI,20205861,SD,Negeri,Kp. Pamoyanan RT.1 RW.5,Sukaresmi,Rongga,-6.952000000000,107.282000000000,96,73,169,8,1
SD NEGERI TANGKIL,20205878,SD,Negeri,Kp. Cinegla,Mekarjaya,Cikalongwetan,-6.785891000000,107.457067000000,127,125,252,7,1
SD NEGERI TANGKIL,20205879,SD,Negeri,Kp. Tangkil RT. 02 RW.11,Sukasari,Gununghalu,-7.001000000000,107.250300000000,82,73,155,8,2
SD NEGERI TANGSI JAYA,20205877,SD,Negeri,Kp. Tangsi RT. 01 RW.20,Gununghalu,Gununghalu,-7.035200000000,107.203200000000,44,30,74,7,1
SD NEGERI TANJUNGJAYA,20228181,SD,Negeri,Kp.Rancaeceng RT 001 RW 015,Mekarjaya,Cihampelas,-6.910800000000,107.430400000000,112,92,204,4,4
SD NEGERI TANJUNGWANGI,20205842,SD,Negeri,Kp.pojok No.12,Tanjungwangi,Cihampelas,-6.957300000000,107.495300000000,137,117,254,8,3
SD NEGERI TEGALLAJA,20205855,SD,Negeri,Kp. Tegallaja RT.03 RW.06,Sukatani,Ngamprah,-6.833600000000,107.490500000000,123,121,244,11,2
SD NEGERI TEGALMANDOR,20205854,SD,Negeri,Kp. Tegalmandor RT.01 RW.01,Puteran,Cikalongwetan,-6.715600000000,107.406200000000,60,73,133,6,2
SD NEGERI TERANG,20205914,SD,Negeri,KP. PATROL,Pataruman,Cihampelas,-6.951100000000,107.521800000000,106,88,194,7,4
SD NEGERI TIPAR,20205912,SD,Negeri,Kp. Tipar Barat Rt. 06 Rw. 02,Laksanamekar,Padalarang,-6.875400000000,107.509300000000,103,98,201,10,2
SD NEGERI TIRTAJAYA,20205911,SD,Negeri,Kp. Jl.Cagak Citapen,Citapen,Cihampelas,-6.938500000000,107.496400000000,317,332,649,21,4
SD NEGERI TONJONG,20205930,SD,Negeri,Kp. Tonjong,Cibitung,Rongga,-6.927400000000,107.319300000000,231,209,440,14,3
SD NEGERI TRESNABUDI,20205927,SD,Negeri,Kp. Cikawung RT.03 RW.06,Sindangjaya,Gununghalu,-7.015800000000,107.235600000000,41,41,82,7,3
SD NEGERI TRESNARAJA,20205926,SD,Negeri,Kp. Ciraja RT.03 RW.04,Mandalasari,Cikalongwetan,-6.766600000000,107.452600000000,195,171,366,16,2
SD NEGERI TUGU,20205923,SD,Negeri,Jl. Terusan Sersan Bajuri RT.03 RW.07,Cihideung,Parongpong,-6.831400000000,107.595900000000,54,41,95,5,1
SD NEGERI TUGUMUKTI,20205921,SD,Negeri,Kp. Tugumukti  RT.02 RW.07,Tugumukti,Cisarua,-6.807700000000,107.549600000000,100,99,199,8,1
SD NEGERI TUGURAHAYU,20205922,SD,Negeri,Kp. Tugu II   RT.01 RW.06,Tugumukti,Cisarua,-6.808200000000,107.545400000000,98,88,186,7,1
SD NEGERI TUTUGAN RAHAYU,20205907,SD,Negeri,"Jl. Cihanjuang, Kp. Tutugan RT 01 RW 06",Cihanjuang Rahayu,Parongpong,-6.830900000000,107.575000000000,98,86,184,5,3
SD NEGERI WALAHIR,20205891,SD,Negeri,Kmp. Walahir,Kidangpananjung,Cililin,-6.976435900000,107.486416100000,100,119,219,7,3
SD NEGERI WANGUNSARI,20205902,SD,Negeri,Kp. Puncakjambu,Wangunsari,Sindangkerta,-7.029300000000,107.413500000000,28,36,64,6,0
SD NEGERI WARUNG AWI,20206178,SD,Negeri,Jl. Raya Purwakarta No.302  RT.01 RW.07,Bojongkoneng,Ngamprah,-6.820800000000,107.478100000000,143,127,270,10,2
SD NEGERI WARUNGTILU,20206160,SD,Negeri,Kp. Cigagak RT.04 RW.05,Baranangsiang,Cipongkor,-6.906900000000,107.361600000000,137,128,265,8,1
SD NEGERI WINAYAMUKTI,20206157,SD,Negeri,Kp. Dano RT.02 RW.17,Tamanjaya,Gununghalu,-7.006600000000,107.317500000000,47,48,95,7,3
SD NEGERI YUDHA BHAKTI,20206174,SD,Negeri,Jl. Sekip RT.03 RW.08,Cipatat,Cipatat,-6.828100000000,107.383500000000,83,65,148,7,4
SD NEO MAHARDIKA,69965702,SD,Swasta,Jl. Pasirgede Kp. Purabaya,Jayamekar,Padalarang,-6.847181000000,107.471628000000,59,55,114,10,2
SD PELITA INDONESIA,69968417,SD,Swasta,JL RAYA LEMBANG NO.194,Gudangkahuripan,Lembang,-6.826828000000,107.603375000000,46,55,101,6,4
SD PLUS DAARUL HIKMAH,20267605,SD,Swasta,Kp. Balakasap,Pataruman,Cihampelas,-6.939100000000,107.518000000000,109,86,195,9,1
SD PLUS SALI AL-AITAAM,70053277,SD,Swasta,Jl. Cipulus B. 24,Ngamprah,Ngamprah,-6.831400000000,107.504000000000,17,8,25,2,3
SD ROUDLOTUL ULUM,70031197,SD,Swasta,Kp. Cisasawi Rt.001 Rw.006,Cihanjuang,Parongpong,.000000000000,.000000000000,20,11,31,5,1
SD S SUMUR BANDUNG,20228191,SD,Swasta,Jl. Raya Cililin Utara No. 73,Cililin,Cililin,-6.947500000000,107.457800000000,129,141,270,13,1
SD SAQU MUTIARA BANDUNG,70011957,SD,Swasta,Jl. Cigugurgirang No 15 RT/RW 001/011,Cigugur Girang,Parongpong,.000000000000,.000000000000,91,66,157,8,1
SD SHAUN ALDRICH VINO VICO,70031206,SD,Swasta,Kp. Parongpong Rt.005 Rw.011,Karyawangi,Parongpong,-6.805600000000,107.582800000000,60,54,114,10,1
SD TAHFIZH QURAN MQ,70025848,SD,Swasta,Jl. Maribaya Timur No129 Rt.04 Rw.14,Cibodas,Lembang,-6.822500000000,107.682000000000,45,25,70,6,4
SD TERPADU NIAGARA,20228193,SD,Swasta,Puri Cipageran Indah 2 D211-15A  RT.01 RW.22,Tanimulya,Ngamprah,-6.858000000000,107.530500000000,46,60,106,9,3
SD UNGGULAN AL AMIN,20228184,SD,Swasta,Jl. Somawinata No.04   RT.03 RW.07,Tanimulya,Ngamprah,-6.860500000000,107.524700000000,142,123,265,16,7
SD UNGGULAN NASYWA,60730352,SD,Swasta,Jl. Lembah Permai  RT.01 RW.05,Sariwangi,Parongpong,-6.867200000000,107.565300000000,38,33,71,8,3
SD ZIYAADATUL KHAIR YAINI ISLAMIC SCHOOL,70041405,SD,Swasta,Jl. H Dasuki No. 7 RT. 001 RW. 022,Kertamulya,Padalarang,6.847800000000,107.483600000000,41,42,83,6,1
SDI DAAR AL IMAN,69971326,SD,Swasta,KOMP. PUSPA REGENSI BLOK D NO.27,Batujajar Timur,Batujajar,-6.908573000000,107.514421000000,126,121,247,14,2
SDIT AL AMIIN ISLAMIC SCHOOL,70063918,SD,Swasta,"Perumahan Bumi Citra Indah 2, Ruko Blok Flaminggo 2 Blok F No. 15 RT. 008 RW. 01",,Cihampelas,.000000000000,.000000000000,0,0,0,2,1
SDIT AL FATH,69990124,SD,Swasta,JL. GALANGGANG RT 03 RW 18,Galanggang,Batujajar,-6.915500000000,107.486500000000,220,209,429,18,5
SDIT AL MUNAWAR BANDUNG BARAT,70054910,SD,Swasta,Kp. Ciluncat RT. 001 RW. 010,Cimerang,Padalarang,-6.881500000000,107.487700000000,11,16,27,6,1
SDIT AL-KAROMAH,70038143,SD,Swasta,Kp. Manapa RT.01 RW.04,Karangtanjung,Cililin,-6.947100000000,107.467000000000,53,53,106,6,2
SDIT ANAK KREATIF,69971325,SD,Swasta,Jl. Raya Batujajar No.138 RT.02 RW.12,Giriasih,Batujajar,-6.906300000000,107.502500000000,205,166,371,24,6
SDIT ARROHMAH CITAPEN,70062171,SD,Swasta,Jl. Azalea Raya No. 2 RT. 008 RW. 012,Citapen,Cihampelas,.000000000000,.000000000000,0,0,0,7,1
SDIT AT-TAQWA PANGAUBAN,70043350,SD,Swasta,Kp. Pangauban RT.01 RW.05,Pangauban,Batujajar,.000000000000,.000000000000,53,51,104,10,5
SDIT CAHAYA ILMU,70047314,SD,Swasta,Jl. Purwakarta No. 196,Mandalamukti,Cikalongwetan,.000000000000,.000000000000,35,29,64,8,4
SDIT CAHAYA QURANI,70037541,SD,Swasta,KP BABAKAN TAROGONG RT 001 RW 006,Citapen,Cihampelas,-6.937700000000,107.492100000000,167,139,306,19,5
SDIT DARUL IHSAN,70061590,SD,Swasta,Kp. Cibodas Hilir RT. 004 RW. 011,Cilame,Ngamprah,-6.840800000000,107.524900000000,0,0,0,4,1
SDIT FITHRAH INSANI 5,70002354,SD,Swasta,Jl. H. Ghopur No.75 Tanimulya,Tanimulya,Ngamprah,-6.861000000000,107.523800000000,362,361,723,44,6
SDIT FITHRAH INSANI 6,70032917,SD,Swasta,Jl. G.A Manulang Kp. Purabaya 41 RT 005 RW 006,Jayamekar,Padalarang,.000000000000,.000000000000,288,215,503,24,10
SDIT FITHRAH INSANI 8,70061939,SD,Swasta,Jl. Nasional III Mandalawangi No. 04 RT. 03 RW. 09,Mandalasari,Cipatat,.000000000000,.000000000000,0,0,0,0,1
SDIT HIDAYATUL ULUM,70046009,SD,Swasta,Kp. Cibihbul RT.03 RW.11,Gunungmasigit,Cipatat,.000000000000,.000000000000,37,31,68,10,2
SDIT IBNU KHALDUN,20279851,SD,Swasta,Jl. Buni Asih Rt 03 Rw 10,Langensari,Lembang,-6.826600000000,107.638600000000,375,331,706,38,4
SDIT IMAM AHMAD,70055566,SD,Swasta,Jl. Kebonhui RT. 001 RW. 003,Cigugur Girang,Parongpong,.000000000000,.000000000000,0,0,0,5,3
SDIT INSANTAMA BANDUNG,70062172,SD,Swasta,Jl. Terusan Sersan Bajuri No. 54 RT. 002,Cihideung,Parongpong,.000000000000,.000000000000,0,0,0,1,1
SDIT ISTIQOMAH,20271387,SD,Swasta,JL. KAYU AMBON NO. 36 LEMBANG,Lembang,Lembang,-6.818400000000,107.623400000000,167,144,311,14,4
SDIT MAHABBAH IBNU HAMDAN,70042703,SD,Swasta,Kp. Saar Hilir,Karangtanjung,Cililin,-6.935800000000,107.466800000000,32,25,57,8,2
SDIT MUTIARA DARUL QURAN,70041048,SD,Swasta,Kp. Cijamil Rt. 002 Rw. 015,Cilame,Ngamprah,-6.833800000000,107.523100000000,64,53,117,8,4
SDIT NURUS SIROJ,70061694,SD,Swasta,Kp. Tugu VI RT.002 RW.004,Tugumukti,Cisarua,.000000000000,.000000000000,0,0,0,null,null
SDIT SAINS,70011955,SD,Swasta,Jl. H Ghofur RT. 03 RW. 10,Cilame,Ngamprah,-6.839555300000,107.531893300000,145,150,295,14,3
SDIT TAZKIYA,70041033,SD,Swasta,Jl.Somawinata No.30,Tanimulya,Ngamprah,-6.858100000000,107.531100000000,94,90,184,13,6
SDK BPK PENABUR,69969076,SD,Swasta,Jl. Parahyangan Kav.10C,Kertajaya,Padalarang,-6.841907000000,107.498934000000,93,75,168,14,3
SDS AT-TAQWA,20228196,SD,Swasta,Jl. Pajagalan,Mekarmukti,Cihampelas,-6.928900000000,107.480300000000,44,29,73,0,1
SEKOLAH DASAR DARUL HADIS LEMBANG,70047316,SD,Swasta,Kp. Pondok RT. 02 RW. 03,Cikole,Lembang,.000000000000,.000000000000,57,69,126,7,2
SEKOLAH DASAR ISLAM KAMPUNG BERKAH INDONESIA,70054084,SD,Swasta,Jl. Cikandang RT. 002 RW. 008,Cimareme,Ngamprah,.000000000000,.000000000000,36,22,58,4,1
SINAR SARI,69836380,SPS,Swasta,KP. CIASMAN RT. 02 / 21,Mandalasari,Cikalongwetan,-5.443757000000,114.421127000000,6,8,14,2,0
SINAR UTAMI,69836377,SPS,Swasta,KP. CISELA RT. 03 / 10,Kanangasari,Cikalongwetan,-6.761200000000,107.395100000000,14,16,30,4,0
SMP 45 CIPONGKOR,70042455,SMP,Swasta,Jl. Sirnagalih No. 45,Sirnagalih,Cipongkor,.000000000000,.000000000000,35,33,68,6,3
SMP ADVENT PARONGPONG,20252580,SMP,Swasta,"Jl. Kol.masturi Km 6,5",Cihanjuang Rahayu,Parongpong,-6.816400000000,107.603800000000,20,21,41,3,1
SMP AL -FATAH GUNUNG HALU,20252480,SMP,Swasta,Komplek Pesantren Al-Fatah Rt. 05 Rw. 03,Gununghalu,Gununghalu,-7.030300000000,107.314300000000,255,264,519,23,2
SMP AL AZHAR SYIFA BUDI PARAHYANGAN,20257356,SMP,Swasta,Jl. Raya Cimareme No. 340,Cimareme,Ngamprah,-6.859100000000,107.500200000000,142,168,310,21,2
SMP AL BAROKAH SINDANGKERTA,69950749,SMP,Swasta,KP. PASIRNANGKA RT.04 RW.04,Cikadu,Sindangkerta,-7.003300000000,107.406600000000,31,14,45,9,2
SMP AL FAJRI BATUJAJAR,70036465,SMP,Swasta,Jl. Seketando RT 002 RW 013,Cangkorah,Batujajar,.000000000000,.000000000000,24,48,72,7,1
SMP AL FATIH,69968418,SMP,Swasta,JL. DAGO GIRI NO.37,Mekarwangi,Lembang,-6.853700000000,107.624000000000,42,0,42,9,3
SMP AL HIKMAH CIPATAT,20227622,SMP,Swasta,"Jl. Raya Gunungmasigit Km 24,5 Rt.01/XI",Gunungmasigit,Cipatat,-6.831500000000,107.432900000000,39,25,64,7,1
SMP AL IJAZIE,70054196,SMP,Swasta,Kp. Dawuan RT. 004 RW. 005,Cijenuk,Cipongkor,.002600000000,.000400000000,22,15,37,8,4
SMP AL-KAHFI BOARDING SCHOOL,70039261,SMP,Swasta,Kp. Gunung Batu RT. 001 RW. 006,Ciptaharja,Cipatat,-6.857300000000,107.398300000000,35,30,65,6,0
SMP AL-MAHMUD,20227623,SMP,Swasta,Kp. Gombong,Budiharja,Cililin,-6.944500000000,107.445600000000,89,81,170,14,4
SMP AN NAJA BOARDING SCHOOL,69933399,SMP,Swasta,KOMP. PONDOK PESANTREN SABIILUNNAJA RT.01 RW.11,Cipeundeuy,Cipeundeuy,-6.740300000000,107.361400000000,106,131,237,13,4
SMP ASYIFA 44 CIKALONGWETAN,69851862,SMP,Swasta,JL. CILEULEUY CIPADA CIKALONGWETAN,Cipada,Cikalongwetan,-6.777622000000,107.512730000000,44,38,82,5,1
SMP BANDUNG BARAT FOUNDATION-1,70048129,SMP,Swasta,Kp. Sindang Mekar RT.01 RW.11,Sumurbandung,Cipatat,.000000000000,.000000000000,38,18,56,5,1
SMP BERASRAMA DARUL HIKAM,70042457,SMP,Swasta,Jl. Dago Giri No. 5 RT. 008 RW. 009,Pagerwangi,Lembang,.000000000000,.000000000000,49,32,81,6,2
SMP BHAKTI MULYA,20206216,SMP,Swasta,Jl. Bhakti Mulya Blok Babakan Sari,Batujajar Barat,Batujajar,-6.918300000000,107.494700000000,206,203,409,24,4
SMP BINA KARYA NGAMPRAH,20252485,SMP,Swasta,Jl. Kp.  Pangkalan RT 01 RW 08,Cimanggu,Ngamprah,-6.815200000000,107.513200000000,62,36,98,9,3
SMP BINA MULIA MANDIRI,69987922,SMP,Swasta,Jl. Raya Permata Blok P8 No.19 RT.08 RW.05,Tanimulya,Ngamprah,-6.857983200000,107.525087300000,9,9,18,4,0
SMP BINGKAI CENDIKIA CILILIN,69973545,SMP,Swasta,KP. GEMBONG RT.04 RW.12,Rancapanggung,Cililin,-7.002892000000,107.435819000000,144,121,265,30,5
SMP BOARDING BINA MULYA,70002329,SMP,Swasta,Jl. Agronomi Kv.3 RT.01 RW.03,Tanimulya,Ngamprah,-6.863200000000,107.525300000000,61,52,113,11,2
SMP BOARDING SCHOOL AL-HASANAH,70011631,SMP,Swasta,KP. KARANGANYAR RT 04 RW 06,Mandalamukti,Cikalongwetan,-.000100000000,.000000000000,94,80,174,13,2
SMP BUDI BAKTI UTAMA,20252879,SMP,Swasta,Jl. Raya Ciburuy - Padalarang,Ciburuy,Padalarang,-6.833700000000,107.470900000000,213,163,376,24,6
SMP DAARUL ILMI CIPEUNDEUY,20252488,SMP,Swasta,Kp. Ciwaru RT.04 RW.09,Bojongmekar,Cipeundeuy,-6.769600000000,107.360300000000,25,15,40,11,0
SMP DAARUT TAUHIID BOARDING SCHOOL,69959505,SMP,Swasta,Jl. Cigugur Girang No.33 Kp. Pangsor,Cigugur Girang,Parongpong,-6.836700000000,107.584000000000,380,0,380,29,14
SMP DAMIAN SCHOOL,69982084,SMP,Swasta,Jl. Gurugantangan Kav 01 Blok A Kota Baru Parahyangan,Cipeundeuy,Padalarang,-6.872608000000,107.470167000000,16,16,32,4,2
SMP DARUL FALAH,20227651,SMP,Swasta,Jl. Raya Cihampelas No. 45,Cihampelas,Cihampelas,-6.926200000000,107.479300000000,471,485,956,42,5
SMP DARUL FALAH 2,69851419,SMP,Swasta,JL. RAYA CIHAMPELAS-CILILIN NO. 99,Cihampelas,Cihampelas,-6.926100000000,107.479400000000,112,91,203,13,1
SMP DARUL HADIS LEMBANG,70061812,SMP,Swasta,Kp. Pondok No. 17 RT. 002 RW. 003,Cikole,Lembang,.000000000000,.000000000000,0,0,0,1,0
SMP DARUL HIKAM INTERNASIONAL,69831524,SMP,Swasta,JL. MARIBAYA NO.89 RT.03 RW.01,Kayuambon,Lembang,-6.824326000000,107.626531000000,34,42,76,7,2
SMP DARUL HIKMAH,20252582,SMP,Swasta,Jln Sariwangi No. 81,Sariwangi,Parongpong,-6.868189700000,107.569305400000,146,118,264,17,4
SMP DARUN NASYA,69786658,SMP,Swasta,KP. PASIR HANDAP RT.01 RW.14,Pagerwangi,Lembang,-6.842700000000,107.636600000000,66,37,103,4,1
SMP GLOBAL NUSANTARA,69961051,SMP,Swasta,JL. GA MANULANG NO.226,Jayamekar,Padalarang,-6.851000000000,107.470300000000,8,5,13,5,1
SMP HARAPAN BANGSA,20252886,SMP,Swasta,Jl. Raya Cililin No 1 Nyalindung,Singajaya,Cihampelas,-6.960310000000,107.448893000000,15,7,22,5,1
SMP HARAPAN CIBITUNG RONGGA,20252493,SMP,Swasta,Kp. Bojonglame Rt.02/ Rw.03 Cibitung,Cibitung,Rongga,-6.936800000000,107.298600000000,84,84,168,7,1
SMP ISLAM AL HIJRAH,70012028,SMP,Swasta,Jl. Andir RT.03 RW.15,Padalarang,Padalarang,-6.838500000000,107.471800000000,76,56,132,9,3
SMP ISLAM INFORMATIKA DAAR AL IMAN,70063915,SMP,Swasta,Jl. Raya Batujajar Puspa Regency Blok C No. 91 RT. 003 RW. 009,,Batujajar,.000000000000,.000000000000,0,0,0,null,null
SMP ISLAM MULTI INTELIGENSI TASDIQUL QURAN,69985402,SMP,Swasta,Jl. Cihanjuang No.34,Cihanjuang,Parongpong,-6.860672000000,107.567344000000,28,46,74,3,4
SMP ISLAM NURUL FIKRI BOARDING SCHOOL LEMBANG,20269792,SMP,Swasta,Jl. Raya Maribaya Timur,Cibodas,Lembang,-6.823000000000,107.673900000000,109,61,170,20,4
SMP ISLAM NURUL HUDA,69987121,SMP,Swasta,JL. WARUGA JAYA NO. 104 RT 04 RW 11,Ciwaruga,Parongpong,-6.855800000000,107.579300000000,70,41,111,8,1
SMP ISLAM NURUSSAADAH SAGULING,69961852,SMP,Swasta,KP. CIKERTI,SAGULING,Saguling,-6.906800000000,107.372500000000,22,15,37,8,7
SMP ISLAM PLUS AL HASAN,70025663,SMP,Swasta,Jl. Raya Purwakarta No. 219 Ciawitali RT.004 Rw.003,Mandalasari,Cikalongwetan,.000000000000,.000000000000,54,50,104,6,3
SMP ISLAM TERPADU DAARUL FIKRI,20271615,SMP,Swasta,Komp. Cibaligo Permai Jl. Daarul Fikri No. 2,Cihanjuang,Parongpong,-6.857000000000,107.571100000000,16,12,28,3,2
SMP ISLAM TERPADU DARUL HIKAM,70043396,SMP,Swasta,KAMPUNG CISURUPAN RT 002 RW 009,Sumurbandung,Cipatat,-6.796600000000,107.421000000000,30,28,58,4,0
SMP ISLAM TERPADU GENERASI KREATIF,70042459,SMP,Swasta,Jl. Al-Falah No. 20 RT. 007 RW. 016,Batujajar Barat,Batujajar,.001500000000,.000400000000,51,44,95,5,2
SMP ISLAM TERPADU INSAN MANDIRI,70001449,SMP,Swasta,JL. RAYA PURWAKARTA KP.WARGASALUYU RT 03 RW 015,Cisomang Barat,Cikalongwetan,-6.723200000000,107.455000000000,73,33,106,10,3
SMP ISLAMIC BOARDING SCHOOL AL-MAARIF NURHIDAYAH,70030716,SMP,Swasta,Kp. Pondok RT. 004 RW. 004,Pasirlangu,Cisarua,.000000000000,.000000000000,87,84,171,14,3
SMP ISTIQOMAH CILILIN,20227664,SMP,Swasta,Jl. Rancapanggung No 1 Rt 2 Rw 8,Rancapanggung,Cililin,-6.982300000000,107.427800000000,3,4,7,6,1
SMP IT AL FATIH RONGGA,69989081,SMP,Swasta,Kp. Kubang RT 03 RW 18,Sukaresmi,Rongga,-6.954859700000,107.293976800000,69,78,147,7,2
SMP IT AL MUBAROK,69824904,SMP,Swasta,KP. NYAMPAY RT.01 RW.06,Langensari,Lembang,-6.829882000000,107.654913000000,52,35,87,10,1
SMP IT AL-ISTIQOMAH,70031422,SMP,Swasta,Kp. Babakan RT.004 RW.005,Cijambu,Cipongkor,-6.930900000000,107.331800000000,81,80,161,5,2
SMP IT AL-MASHDUQIYAH,70041639,SMP,Swasta,Kp. Cibalok RT. 001 RW. 004,Citalem,Cipongkor,-6.948600000000,107.386200000000,15,29,44,6,3
SMP IT AL-MUBAROK PANGAUBAN,70057251,SMP,Swasta,Kp. Cibodas Rt 01/08,Pangauban,Batujajar,.000000000000,.000000000000,0,0,0,3,1
SMP IT AL-QOHHARIYYAH GUNUNGHALU,41880357,SMP,Swasta,JL. CIBODAS RT.01/14,Bunijaya,Gununghalu,-7.017800000000,107.251000000000,61,61,122,12,5
SMP IT AN-NAZMIN,70036849,SMP,Swasta,Kp. Rancabentang No. 54 Rt. 02 Rw. 22,Rajamandala Kulon,Cipatat,.000000000000,.000000000000,32,39,71,4,3
SMP IT Assholahuddin,70056512,SMP,Swasta,Kp. Bojongtangkalak RT. 003 RW. 003,Sindangkerta,Sindangkerta,.000000000000,.000000000000,0,0,0,7,3
SMP IT BAITURAHMAN GUNUNGHALU,69989082,SMP,Swasta,Kp. Jajaway RT.03 RW.01 Gununghalu,Sirnajaya,Gununghalu,-7.019075700000,107.297479800000,45,22,67,6,2
SMP IT BAITURRAHMAN CISARUA,69961854,SMP,Swasta,KP. PESANTREN,Tugumukti,Cisarua,-6.806200000000,107.542000000000,62,59,121,11,3
SMP IT BUSTANUL ARIFIN,70053683,SMP,Swasta,Kp. Sukamanah RT. 001 RW. 003,Cicangkang Girang,Sindangkerta,.000000000000,.000000000000,34,18,52,3,1
SMP IT BUSTANUL MAARIF,69973598,SMP,Swasta,JL AMD MANUNGGAL 50 KP PASIRMUNCANG RT.02 RW.01,Cintaasih,Cipongkor,-6.953500000000,107.318200000000,66,60,126,8,3
SMP IT DAARUL ADZKIA,69933840,SMP,Swasta,Kp. Selakuning RT.03 RW.02,Mekarjaya,Cikalongwetan,-6.778100000000,107.489100000000,108,105,213,11,1
SMP IT FITHRAH INSANI,20254252,SMP,Swasta,Jl. H. Ghofur No. 10,Cimareme,Ngamprah,-6.864600000000,107.521700000000,326,364,690,37,12
SMP IT FITHRAH INSANI 4,70034108,SMP,Swasta,Jl. G.A Manulang No. 41 Rt. 005 Rw. 006,Jayamekar,Padalarang,.000000000000,.000000000000,70,90,160,8,5
SMP IT GEMILANG MUTAFANNIN,69815382,SMP,Swasta,JL. RAYA CIMAREME NO. 256,Cimareme,Ngamprah,-6.862500000000,107.503800000000,56,26,82,4,2
SMP IT GLOBAL SOLUSI INDONESIA,70057664,SMP,Swasta,Jl. Raya Batujajar No. 180 RT. 001 RW. 001,Selacau,Batujajar,.000000000000,.000000000000,0,0,0,null,null
SMP IT HIDAYATUL MUSTOFA,70042458,SMP,Swasta,Kp. Tambakan RT. 004 RW. 004,Cihampelas,Cihampelas,6.939400000000,107.502900000000,10,2,12,4,1
SMP IT IBNU KHALDUN,69950747,SMP,Swasta,JL. BUNI ASIH RT.03 RW.10,Langensari,Lembang,-6.827000000000,107.638500000000,181,189,370,19,3
SMP IT MADINATUL ULUM,69966325,SMP,Swasta,Jl. Karyawangi No.69 RT.01 RW.05,Karyawangi,Parongpong,-6.816800000000,107.582500000000,27,34,61,6,1
SMP IT MADINATUL ULUM AL-FATAH,70026772,SMP,Swasta,Kp. Kutalaksana Rt. 002 Rw. 002,Mandalawangi,Cipatat,.001900000000,-.000200000000,57,72,129,4,2
SMP IT NURUL IMAM,69943091,SMP,Swasta,JL. CIHANJUANG KP. CISINTOK RT.04 RW.04,Cihanjuang,Parongpong,-6.853076800000,107.572728400000,53,53,106,9,1
SMP IT ROJAUL HUDA,70039573,SMP,Swasta,Kp. Tegalega RT. 002 RW. 016,Batulayang,Cililin,-6.962400000000,107.447200000000,23,16,39,14,1
SMP KAHURIPAN LEMBANG,20227680,SMP,Swasta,Jl. Kolonel Masturi No. 55,Cikahuripan,Lembang,-6.817000000000,107.603800000000,120,126,246,9,3
SMP KAMPOENG QURAN CENDEKIA,70062370,SMP,Swasta,Jl. Cihanjuang-Cibaligo No. 165,Cihanjuang,Parongpong,.000000000000,.000000000000,0,0,0,null,null
SMP KARYA PRESTASI MANDIRI PADALARANG,20279913,SMP,Swasta,Jl. Safir I (Graha Padalarang Indah ) Kec. Padalarang – Kab. Bandung Barat 40553,Padalarang,Padalarang,-6.842900000000,107.473600000000,25,9,34,3,3
SMP KI HAJAR DEWANTARA,69957222,SMP,Swasta,KP. PASIR IPIS RT.02/06,Jayagiri,Lembang,-6.801764000000,107.617689000000,14,14,28,0,1
SMP KP 1 CIPONGKOR,20252881,SMP,Swasta,Jl. PLTA Saguling No 22,Mekarsari,Cipongkor,-6.947900000000,107.329000000000,34,34,68,9,3
SMP KP 2 CIPONGKOR,20252579,SMP,Swasta,Jl.desa Idt No 50,Cibenda,Cipongkor,-6.947900000000,107.329000000000,63,56,119,7,1
SMP KP MASWATI,20227674,SMP,Swasta,Jl. Perkebunan Maswati RT 03 RW 07,Kanangasari,Cikalongwetan,-6.761700000000,107.407100000000,69,68,137,10,1
SMP KRIDA UTAMA PADALARANG,20227684,SMP,Swasta,Jalan Gedong V Komplek Gedong X,Kertamulya,Padalarang,-6.844400000000,107.492500000000,569,584,1153,35,4
SMP LGBP SINDANGKERTA,20279905,SMP,Swasta,JLN.PONDOK PESANTREN PALAHAN KM.1 RT.03 RW.08,Pasirpogor,Sindangkerta,-6.976000000000,107.392800000000,110,88,198,7,1
SMP LUHUR BALADIKA BATUJAJAR,69978349,SMP,Swasta,JL. SELACAU NO. 34,Selacau,Batujajar,-6.930900000000,107.503500000000,81,69,150,4,1
SMP MADANI,20227687,SMP,Swasta,Jl Nyalindung Kp. Cihurang Rt. 01 Rw. 04,Singajaya,Cihampelas,-6.951700000000,107.479700000000,116,106,222,9,5
SMP MADANI BOARDING SCHOOL,69819341,SMP,Swasta,"Kp. Majlis Rt 03/13 KM 39,6 Desa Celak kec. Gununghalu Kab. Bandung Barat",Celak,Gununghalu,-7.006800000000,107.358600000000,107,81,188,13,1
SMP MADYA BAKTI,20267619,SMP,Swasta,KP. KUBANG RT.01 RW.05 NANGGERANG,Nanggerang,Cililin,-7.014900000000,107.465900000000,63,68,131,4,4
SMP MAHARDHIKA,20227688,SMP,Swasta,Jl. Raya Batujajar No. 30 Cangkorah,Giriasih,Batujajar,-6.890900000000,107.503000000000,160,177,337,9,5
SMP MARGA UTAMA PADALARANG,20268729,SMP,Swasta,"JL. Desa Cimerang, Kp. Pasirgombong RT. 1 RW. 15",Cimerang,Padalarang,-6.876400000000,107.488600000000,135,116,251,9,1
SMP MEKARWANGI,20227694,SMP,Swasta,Jl. Bukamanah RT 02 RW 09,Langensari,Lembang,-6.834700000000,107.638000000000,82,61,143,8,3
SMP MUSLIMIN CILILIN,20227701,SMP,Swasta,JL. RAYA WARUNGAWI,Bongas,Cililin,-6.962500000000,107.434600000000,343,314,657,27,6
SMP MUSLIMIN CIPONGKOR,20227702,SMP,Swasta,Jl. Plta Saguling,Baranangsiang,Cipongkor,-6.909900000000,107.364900000000,54,38,92,9,4
SMP MUSLIMIN RONGGA,20227703,SMP,Swasta,Kp. Genggong Rt.01 Rw.16,Cinengah,Rongga,-6.970700000000,107.295600000000,112,105,217,15,2
SMP MUSLIMIN SINDANGKERTA,20227700,SMP,Swasta,Kp. Sindangkerta,Cintakarya,Sindangkerta,-6.980000000000,107.405900000000,44,29,73,12,1
SMP MUTIARA 5 LEMBANG,20227706,SMP,Swasta,Jl.tangkuban Perahu No.78,Cikole,Lembang,-6.808500000000,107.650200000000,184,195,379,18,3
SMP NASA,60730354,SMP,Swasta,Jln. Ciwantani,Cilame,Ngamprah,-6.840000000000,107.533200000000,44,38,82,12,3
SMP NAZWA,69949928,SMP,Swasta,KP. CIKAWUNG RT.04 RW.10,Sukamanah,Rongga,-6.994800000000,107.284200000000,71,80,151,8,3
SMP NEGERI  2 CIPONGKOR,20206089,SMP,Negeri,Jl. Desa Neglasari No. 2,Neglasari,Cipongkor,-6.954200000000,107.361800000000,283,274,557,28,8
SMP NEGERI 1 BATUJAJAR,20252475,SMP,Negeri,Jl. SMP No.12 Batujajar RT.01 rw.03,Batujajar Barat,Batujajar,-6.917600000000,107.495400000000,715,708,1423,48,15
SMP NEGERI 1 CIHAMPELAS,20206072,SMP,Negeri,Jl. Desa Cihampelas No. 177,Cihampelas,Cihampelas,-6.916000000000,107.464700000000,637,615,1252,42,9
SMP NEGERI 1 CIKALONGWETAN,20206071,SMP,Negeri,Jl. Raya Cikalong-Cipeundeuy,Cikalong,Cikalongwetan,-6.734289100000,107.433023200000,548,552,1100,38,7
SMP NEGERI 1 CILILIN,20206042,SMP,Negeri,Jl. Raya Cililin No.59,Cililin,Cililin,-6.948153437775,107.458010315895,445,519,964,43,11
SMP NEGERI 1 CIPATAT,20206039,SMP,Negeri,Jl. Raya Cipatat No.439 RT.05 RW.11,Ciptaharja,Cipatat,-6.828900000000,107.375700000000,535,574,1109,38,11
SMP NEGERI 1 CIPEUNDEUY,20206038,SMP,Negeri,"Jl.SMP CIPEUNDEUY, NO.36",Cipeundeuy,Cipeundeuy,-6.737300000000,107.360800000000,497,558,1055,47,10
SMP NEGERI 1 CIPONGKOR,20206037,SMP,Negeri,Jl Desa Cijenuk No 25,Cijenuk,Cipongkor,-6.977200000000,107.387900000000,214,190,404,20,9
SMP NEGERI 1 CISARUA,20206036,SMP,Negeri,Jl. Kolonel Masturi 312,Kertawangi,Cisarua,-6.807600000000,107.569600000000,647,657,1304,40,13
SMP NEGERI 1 GUNUNGHALU,20206033,SMP,Negeri,Jl. Raya Bunijaya-Gununghalu,Bunijaya,Gununghalu,-7.010700000000,107.276000000000,238,259,497,27,5
SMP NEGERI 1 LEMBANG,20206053,SMP,Negeri,Jl. Raya No. 357 Lembang,Jayagiri,Lembang,-6.813200000000,107.620600000000,605,595,1200,49,10
SMP NEGERI 1 NGAMPRAH,20206046,SMP,Negeri,Jl. Mekarsari No. 4,Mekarsari,Ngamprah,-6.847000000000,107.503300000000,619,571,1190,49,11
SMP NEGERI 1 PADALARANG,20206032,SMP,Negeri,Jl. U.Suryadi No.15,Kertajaya,Padalarang,-6.849700000000,107.492600000000,606,629,1235,47,4
SMP NEGERI 1 PARONGPONG,20206114,SMP,Negeri,Jl. Cihanjuang No. 40,Ciwaruga,Parongpong,-6.809500000000,107.576300000000,608,688,1296,46,7
SMP NEGERI 1 RONGGA,20253569,SMP,Negeri,Jl. Sindangpalay,Bojong,Rongga,-6.981100000000,107.271200000000,207,180,387,21,6
SMP NEGERI 1 SAGULING,20227806,SMP,Negeri,Jalan Desa Girimukti,GIRIMUKTI,Saguling,-6.888800000000,107.428900000000,233,235,468,17,7
SMP NEGERI 1 SINDANGKERTA,20206108,SMP,Negeri,SINDANGKERTA,Sindangkerta,Sindangkerta,-6.991800000000,107.405500000000,481,514,995,39,7
SMP NEGERI 2 BATUJAJAR,20206124,SMP,Negeri,Jl. Pangauban No 184 a,Pangauban,Batujajar,-6.906400000000,107.463000000000,504,470,974,43,7
SMP NEGERI 2 CIHAMPELAS,20206121,SMP,Negeri,Jalan Terusan Ciraden Bojong,Tanjungwangi,Cihampelas,-6.945900000000,107.490700000000,500,490,990,36,5
SMP NEGERI 2 CIKALONGWETAN,20206120,SMP,Negeri,Jln Raya Purwakarta-cikalongwetan,Tenjolaut,Cikalongwetan,-6.711900000000,107.440200000000,246,274,520,22,6
SMP NEGERI 2 CILILIN,20267625,SMP,Negeri,Jl. Cililin - SindangKerta,Rancapanggung,Cililin,-6.982400000000,107.425600000000,313,327,640,35,7
SMP NEGERI 2 CIPATAT,20206103,SMP,Negeri,Jalan Raya Purwakarta Km. 10,Nyalindung,Cipatat,-6.789700000000,107.438200000000,300,281,581,29,9
SMP NEGERI 2 CIPEUNDEUY,20206090,SMP,Negeri,Jl. Cinangsi,Nanggeleng,Cipeundeuy,-6.763200000000,107.364100000000,362,338,700,35,9
SMP NEGERI 2 CISARUA,20206088,SMP,Negeri,Jl. Desa Cipada,Cipada,Cisarua,-6.776900000000,107.521000000000,389,327,716,29,8
SMP NEGERI 2 GUNUNGHALU,20206086,SMP,Negeri,Jl. Simpang No 112,Sirnajaya,Gununghalu,-7.018500000000,107.306600000000,343,343,686,33,11
SMP NEGERI 2 LEMBANG,20206084,SMP,Negeri,Jl. Maribaya No. 129,Langensari,Lembang,-6.828200000000,107.642600000000,532,504,1036,37,10
SMP NEGERI 2 NGAMPRAH,20252476,SMP,Negeri,Jl.somawinata,Tanimulya,Ngamprah,-6.858000000000,107.534400000000,579,576,1155,45,10
SMP NEGERI 2 PADALARANG,20206081,SMP,Negeri,Jl. Letkol Ga Manullang Purabaya,Jayamekar,Padalarang,-6.852500000000,107.472300000000,611,574,1185,47,9
SMP NEGERI 2 PARONGPONG,20279863,SMP,Negeri,Jl. Warugajaya No.13 Kp. Cibadak RT.03 RW.15,Ciwaruga,Parongpong,-6.847900000000,107.580700000000,365,341,706,29,5
SMP NEGERI 2 RONGGA,20267630,SMP,Negeri,KP. RASAMALA,Bojongsalam,Rongga,-6.973800000000,107.235600000000,50,68,118,8,3
SMP NEGERI 2 SAGULING,20267621,SMP,Negeri,KP. NANGKOD,JATI,Saguling,-6.900500000000,107.401900000000,140,102,242,10,5
SMP NEGERI 2 SINDANGKERTA,20206100,SMP,Negeri,Jalan E. Sutarman,Wangunsari,Sindangkerta,-7.020800000000,107.409400000000,194,170,364,20,8
SMP NEGERI 3 BATUJAJAR,60728853,SMP,Negeri,JL. HAURNGAMBANG RT.02 RW.05,Batujajar Timur,Batujajar,-6.911400000000,107.507900000000,418,377,795,31,7
SMP NEGERI 3 CIHAMPELAS,20279903,SMP,Negeri,Kp. Sukawangi Rt 02 Rw 09 Desa Situwangi Kecamatan Cihampelas,Situwangi,Cihampelas,-6.954700000000,107.502400000000,254,241,495,24,6
SMP NEGERI 3 CIKALONGWETAN,20279856,SMP,Negeri,Kp. Cimunaka,Mekarjaya,Cikalongwetan,-6.779800000000,107.458100000000,111,84,195,10,2
SMP NEGERI 3 CILILIN,20271391,SMP,Negeri,KP CILEUTIK RT.02/07,Karyamukti,Cililin,-7.028600000000,107.468800000000,149,116,265,14,5
SMP NEGERI 3 CIPATAT,20229811,SMP,Negeri,Jl. Pabuaran RT.03 RW.01,Mandalawangi,Cipatat,-6.832488300000,107.328687500000,352,384,736,26,8
SMP NEGERI 3 CIPEUNDEUY,60728856,SMP,Negeri,JL. RAYA PLTA CIRATA KM. 4,Ciroyom,Cipeundeuy,-6.705500000000,107.356600000000,201,181,382,16,6
SMP NEGERI 3 CIPONGKOR,20267626,SMP,Negeri,Jl. Desa Sirnagalih,Sirnagalih,Cipongkor,-6.910100000000,107.325900000000,175,135,310,17,1
SMP NEGERI 3 CISARUA,20279859,SMP,Negeri,JL. Cilimus Hilir,Padaasih,Cisarua,-6.821100000000,107.561300000000,319,252,571,20,8
SMP NEGERI 3 GUNUNGHALU,20267627,SMP,Negeri,JL. KUBANGPARI NO.5,Sukasari,Gununghalu,-6.990000000000,107.350400000000,72,83,155,12,3
SMP NEGERI 3 LEMBANG,20206097,SMP,Negeri,Jl. Raya Lembang No.29,Jayagiri,Lembang,-6.815700000000,107.612300000000,677,688,1365,47,11
SMP NEGERI 3 NGAMPRAH,20279854,SMP,Negeri,JL. BUKIT PERMATA RAYA,Cilame,Ngamprah,-6.860600000000,107.514500000000,623,664,1287,46,4
SMP NEGERI 3 PADALARANG,20252478,SMP,Negeri,Jl. Babakan Loa No.17,Padalarang,Padalarang,-6.843600000000,107.474400000000,646,600,1246,35,10
SMP NEGERI 3 PARONGPONG,20279857,SMP,Negeri,JL. DESA KARYAWANGI NO.13,Karyawangi,Parongpong,-6.814600000000,107.578300000000,478,379,857,29,8
SMP NEGERI 3 RONGGA,20267629,SMP,Negeri,JL.MALELA,Cicadas,Rongga,-6.996000000000,107.225000000000,73,56,129,11,2
SMP NEGERI 3 SAGULING,69918548,SMP,Negeri,JL. CIKANDE  RT.05 RW.07,BOJONG HALEUANG,Saguling,-6.867900000000,107.444300000000,138,115,253,11,3
SMP NEGERI 3 SINDANGKERTA,20206093,SMP,Negeri,Jl. Pasir Angin,Ranca Senggang,Sindangkerta,-7.010700000000,107.393700000000,127,128,255,15,4
SMP NEGERI 4 CIKALONGWETAN,69955299,SMP,Negeri,Kp Cireundeu,Ganjarsari,Cikalongwetan,-6.744505100000,107.500569400000,106,109,215,10,2
SMP NEGERI 4 CIPATAT,20279860,SMP,Negeri,Jl. Raya Bandung-Cianjur KM. 30,Citatah,Cipatat,-6.823100000000,107.401300000000,458,377,835,30,8
SMP NEGERI 4 CIPEUNDEUY,69961053,SMP,Negeri,Kp. Cijati RT 04 RW 11,Jatimekar,Cipeundeuy,-6.757900000000,107.372900000000,116,108,224,11,4
SMP NEGERI 4 CIPONGKOR,20279908,SMP,Negeri,JL. AMD NO 50,Cintaasih,Cipongkor,-6.975500000000,107.316600000000,73,71,144,10,3
SMP NEGERI 4 CISARUA,20267622,SMP,Negeri,MEKAR TANI KP. CIBOLANG RT 02/ 10,Kertawangi,Cisarua,-6.774200000000,107.575500000000,78,85,163,10,4
SMP NEGERI 4 GUNUNGHALU,20267628,SMP,Negeri,Kp. Pasirjengjen Rt 01/07,Cilangari,Gununghalu,-7.042700000000,107.227600000000,190,218,408,17,7
SMP NEGERI 4 LEMBANG,20227807,SMP,Negeri,Jl. Maribaya Timur Kp.Sukarasa RW.05,Cibodas,Lembang,-6.818300000000,107.677500000000,368,409,777,35,5
SMP NEGERI 4 NGAMPRAH,20279853,SMP,Negeri,JL.Hajigofur-cisarua km.4,Pakuhaji,Ngamprah,-6.838600000000,107.536900000000,259,220,479,22,8
SMP NEGERI 4 PADALARANG,20229812,SMP,Negeri,Jalan Radar,Laksanamekar,Padalarang,-6.882800000000,107.509200000000,391,372,763,31,8
SMP NEGERI 4 SINDANGKERTA,20279862,SMP,Negeri,JL. DESA MEKARWANGI,Mekarwangi,Sindangkerta,-7.063500000000,107.398200000000,127,137,264,10,5
SMP NEGERI 5 CIPONGKOR,20267623,SMP,Negeri,Jln. CIGAGAK RT.04 RW.05,Baranangsiang,Cipongkor,-6.906600000000,107.346300000000,54,76,130,10,4
SMP NEGERI 5 GUNUNGHALU,20279907,SMP,Negeri,Jln Sasakluhur No 02,Wargasaluyu,Gununghalu,-7.013200000000,107.337800000000,92,79,171,8,2
SMP NEGERI 5 LEMBANG,20269787,SMP,Negeri,JL. CICALUNG No. 1-A,Wangunharja,Lembang,-6.823500000000,107.653900000000,237,235,472,25,5
SMP NEGERI 5 PADALARANG,20279861,SMP,Negeri,Jl. Parigi RT 02 RW 10,Tagogapu,Padalarang,-6.812500000000,107.477000000000,273,206,479,23,9
SMP NEGERI 6 LEMBANG,20279858,SMP,Negeri,JL.PENEROPONGAN BENTANG KP. SINAPEUL,Gudangkahuripan,Lembang,-6.823100000000,107.612700000000,334,331,665,29,6
SMP NEGERI SATU ATAP CIMAREL,20279909,SMP,Negeri,Kp. Cimarel,Sukaresmi,Rongga,-6.938400000000,107.247400000000,46,35,81,7,2
SMP NEGERI SATU ATAP LEMBANG CILILIN,60726182,SMP,Negeri,KP. LEMBANG RT.01/ RW.09,Mukapayung,Cililin,-6.986000000000,107.466600000000,95,92,187,10,3
SMP NEGERI SATU ATAP RIMBAKARYA,20267624,SMP,Negeri,JL. PASIR UCING KP. CITEMBONG,Margaluyu,Cipeundeuy,-6.794600000000,107.316200000000,87,78,165,9,3
SMP NEGERI SATU ATAP SASAKSENG,20279911,SMP,Negeri,Jl. Cirawamekar,Cirawamekar,Cipatat,-6.814591100000,107.421332800000,118,108,226,12,3
SMP NEO MAHARDIKA,70038172,SMP,Swasta,Jl. Pasirgede RT. 003 RW. 003,Jayamekar,Padalarang,.000000000000,.000000000000,5,12,17,1,1
SMP NURUL ILMI BOARDING SCHOOL,70027829,SMP,Swasta,Kp. Panyairan No. 58a RT 002 RW 012,Cihideung,Parongpong,.007400000000,.001300000000,34,37,71,9,3
SMP NUSA BANGSA,20227710,SMP,Swasta,Jl. Sindangsari RT 01 RW 06 No.167c Cimareme,Cimareme,Ngamprah,-6.865500000000,107.512100000000,0,0,0,null,null
SMP PANCAKARSA LEMBANG,20227735,SMP,Swasta,Jl. Kiwi Kayuambon No. 32 Lembang,Lembang,Lembang,-6.819000000000,107.626300000000,39,33,72,4,2
SMP PARAHYANGAN,70008976,SMP,Swasta,Jln. Sodong No. 123,Kertajaya,Padalarang,-6.856200000000,107.482400000000,75,49,124,8,4
SMP PASUNDAN RONGGA,20279904,SMP,Swasta,KP. TONJONG,Cibitung,Rongga,-6.926600000000,107.319700000000,126,109,235,10,2
SMP PATARUMAN,20252887,SMP,Swasta,Jalan Raya Cipatik-Soreang KM.02,Pataruman,Cihampelas,-6.943500000000,107.516300000000,155,182,337,19,6
SMP PATRIOT BANGSA,20255755,SMP,Swasta,Jl. H. Gofur No. 162,Tanimulya,Ngamprah,-6.861800000000,107.522900000000,34,23,57,2,3
SMP Pelita Indonesia,70040794,SMP,Swasta,Jalan Raya Lembang,Gudangkahuripan,Lembang,.000000000000,.000000000000,17,10,27,0,2
SMP PERKAPPEN CIKALONGWETAN,20227742,SMP,Swasta,Pangheotan,Ganjarsari,Cikalongwetan,-6.754500000000,107.485900000000,23,17,40,null,null
SMP PGRI 1 PADALARANG,20206193,SMP,Swasta,Jalan  U. Suryadi  20,Kertajaya,Padalarang,-6.850100000000,107.492000000000,289,224,513,20,5
SMP PGRI 168 CIKALONGWETAN,20227715,SMP,Swasta,Jl. Lapang Tridaya 03,Cikalong,Cikalongwetan,-6.733900000000,107.433200000000,53,31,84,4,4
SMP PGRI 231 CIPATAT,20227718,SMP,Swasta,Jl. Raya Cipatat No. 28 Rt.03/14,Ciptaharja,Cipatat,-6.830200000000,107.375900000000,36,21,57,6,5
SMP PGRI 313 CIPEUNDEUY,20227725,SMP,Swasta,Jl. Cirata Margalaksana,Margalaksana,Cipeundeuy,-6.732300000000,107.353000000000,199,181,380,12,7
SMP PGRI 384 RENDEH,20227712,SMP,Swasta,Jl. Raya Cikalong-Cipeundeuy RT.02 RW.02,Rende,Cikalongwetan,-6.735800000000,107.401300000000,320,309,629,24,6
SMP PGRI 385 PUTERAN,20227713,SMP,Swasta,JL. Puteran No.123,Puteran,Cikalongwetan,-6.709900000000,107.396300000000,149,127,276,14,5
SMP PGRI CILILIN,20206130,SMP,Swasta,Jln. Raya Cililin Utara No.121,Cililin,Cililin,-6.952400000000,107.463900000000,115,94,209,10,4
SMP PGRI GUNUNGHALU,69786655,SMP,Swasta,Kp Cicariu Desa Sirnajaya,Sirnajaya,Gununghalu,-7.003900000000,107.321300000000,36,32,68,6,1
SMP PGRI LEMBANG,20206079,SMP,Swasta,Jl. Barulaksana No.184,Jayagiri,Lembang,-6.810200000000,107.619800000000,146,102,248,12,3
SMP PGRI NGAMPRAH,20227729,SMP,Swasta,Jl. Ngamprah No. 01,Ngamprah,Ngamprah,-6.834000000000,107.498500000000,129,106,235,6,5
SMP PGRI SINDANGKERTA,20227733,SMP,Swasta,Jl Raya Sindangkerta,Sindangkerta,Sindangkerta,-6.982900000000,107.421400000000,13,11,24,7,1
SMP PLUS ARAFAH,20227746,SMP,Swasta,Jl. Raya Cililin - Sindangkerta,Mukapayung,Cililin,-6.983977200000,107.434307700000,33,40,73,7,3
SMP Plus HARAPAN CIPONGKOR,69971800,SMP,Swasta,JL. PLTA SAGULING NO.3,Citalem,Cipongkor,-6.886294000000,107.363300000000,31,15,46,6,1
SMP PLUS MANBAUL FALAH,70009468,SMP,Swasta,Kp. Tambakan RT.04/RW.04 No.01,Cipatik,Cihampelas,-6.938900000000,107.501300000000,38,52,90,11,2
SMP PLUS NURUL HIDAYAH,70049647,SMP,Swasta,Kp. Sukatengah RT. 003 RW. 005,Batulayang,Cililin,.000000000000,.000000000000,20,18,38,9,7
SMP PLUS RIYADUSSYIFA,70037093,SMP,Swasta,Kp. Pasirnangka RT.002 RW.015,Batulayang,Cililin,-6.959400000000,107.449000000000,36,22,58,11,1
SMP PLUS SALI AL-AITAAM,70057187,SMP,Swasta,Jl. Cipulus B. 24,Ngamprah,Ngamprah,-6.830651384104,107.511576467598,0,0,0,4,0
SMP PP BAITUL IZZAH NUSANTARA,69939655,SMP,Swasta,Kp. Sukaluyu RT.02 RW.08 Desa Suntenjaya Kec. Lembang,Suntenjaya,Lembang,-6.832300000000,107.706000000000,177,155,332,11,3
SMP PRAWIRA,69786664,SMP,Swasta,Jl. Pagermaneuh,Pagerwangi,Lembang,-6.831900000000,107.635900000000,50,39,89,6,3
SMP PRIMA MANDALA,69933835,SMP,Swasta,JL. RAJAMANDALA NO.416 RT.02 RW.14,Rajamandala Kulon,Cipatat,-6.831500000000,107.353000000000,107,89,196,5,2
SMP PUTRA SILIWANGI,20227750,SMP,Swasta,Jl.Wangunsari No 145 B,Wangunsari,Lembang,-6.844700000000,107.609100000000,39,53,92,9,2
SMP RAKSANAGARA,20227751,SMP,Swasta,Jalan Desa Tanjungjaya,Tanjungjaya,Cihampelas,-6.920400000000,107.417700000000,141,123,264,14,3
SMP ROUDLOTUL ULUM,69965773,SMP,Swasta,Jl. Cisasawi RT.01 RW.06,Cihanjuang,Parongpong,-6.852600000000,107.566600000000,93,72,165,18,1
SMP SAINS,70056880,SMP,Swasta,Jl. Haji Gofur Kp. Randu Kurung,Cilame,Ngamprah,.000000000000,.000000000000,15,0,15,1,1
SMP SIROJUL HUDA,70040018,SMP,Swasta,Kp. Lebak Sumur Rt.004 Rw. 007,Rancapanggung,Cililin,.000000000000,.000000000000,43,41,84,10,1
SMP SUMUR BANDUNG,20206059,SMP,Swasta,Jl. Raya Cililin Utara No.52,Cililin,Cililin,-6.943700000000,107.457100000000,102,87,189,10,1
SMP TAHFIDZ MAHKOTA AL-HIDAYAH,70012086,SMP,Swasta,Jl. Safir Biru Raya Wing 2 Setiabudi Regensi RT 03 RW 17,Ciwaruga,Parongpong,-6.851600000000,107.586400000000,27,0,27,6,1
SMP TARUNA SAKTI PADALARANG,69933389,SMP,Swasta,JL. CIHALIWUNG CIHAMPELAS RT.05 RW.01,Kertamulya,Padalarang,-6.834100000000,107.483100000000,32,39,71,9,5
SMP TERPADU AL JIHAD,20267618,SMP,Swasta,PASANGGRAHAN,Sirnajaya,Gununghalu,-7.024700000000,107.311500000000,60,62,122,4,1
SMP TERPADU AS-SYAMSUDIYAH,69943324,SMP,Swasta,Kp. LEGOKGOMBONG RT.01 RW..20,Tamanjaya,Gununghalu,-7.005794000000,107.317383000000,69,48,117,12,5
SMP TERPADU ASSALAFIYYAH BATUJAJAR,70049118,SMP,Swasta,Blok Pesantren RT. 001 RW. 007,Batujajar Barat,Batujajar,-6.918700000000,107.492100000000,37,24,61,12,2
SMP Terpadu Cokro Aminoto,20268811,SMP,Swasta,Jl. Raya Pamucatan No. 5 RT 01 / RW 01,Gunungmasigit,Cipatat,-6.832000000000,107.451200000000,31,70,101,6,2
SMP UMMUL QURO,20227765,SMP,Swasta,Jln Pembangunan No 157,Cihampelas,Cihampelas,-6.917000000000,107.465600000000,53,28,81,6,3
SMP UNGGULAN AL-AMIN,20227766,SMP,Swasta,Jl. H. Gofur - Rawa Tengah Desa Tanimulya RT 02 RW 07,Tanimulya,Ngamprah,-6.860800000000,107.524200000000,88,56,144,12,6
SMP UNGGULAN NASYWA,70039352,SMP,Swasta,"Jl. Lembah Permai Hanjuang Nomor 2, RT 001, RW 005",Sariwangi,Parongpong,-6.867100000000,107.565400000000,7,18,25,5,1
SMP WINAYA GUNA LEMBANG,20227767,SMP,Swasta,Kp. Cireyod RT 01 / RW 01,Cikidang,Lembang,-6.799700000000,107.655800000000,48,30,78,4,1
SMP YAS SINDANGKERTA,20227768,SMP,Swasta,Jl. Balong Rt. 02 Rw.07,Cicangkang Girang,Sindangkerta,-6.997600000000,107.377000000000,160,144,304,13,3
SMP YP MUSTIKA PADALARANG,20227780,SMP,Swasta,"Jl. Raya Purwakarta No. 59 KM. 5,8",Cempakamekar,Padalarang,-6.809900000000,107.461700000000,252,240,492,20,5
SMP YPII CILILIN,20227786,SMP,Swasta,Kp Ciririp RT 02 RW 01,Mukapayung,Cililin,-6.997200000000,107.474300000000,143,136,279,15,3
SMPIT INSANTAMA BANDUNG,70063916,SMP,Swasta,"Perumahan Sharia High Land, Jl. Mesjid Nagrak No. 611",,Parongpong,.000000000000,.000000000000,0,0,0,null,null
SMPK BPK PENABUR KBP,79229216,SMP,Swasta,"Jalan Parahyangan Kav 10C, Kota Baru Parahyangan",Kertajaya,Padalarang,-6.854175029610,107.487724763078,0,0,0,null,null
SMPS TERPADU AL FATIH,69824843,SMP,Swasta,KP. TANJUNG BARU RT.03 RW.12,Mandalamukti,Cikalongwetan,-6.752500000000,107.454700000000,78,47,125,8,1
SPNF SANGGAR KEGIATAN BELAJAR,P9984657,SKB,Negeri,JL. CICALENGKA NO. 01 RT 01 RW 06,Mekarmukti,Cihampelas,-6.918322800000,107.420548500000,176,120,296,5,3
SPS  AR ROHMAN MELATI 9,69891599,SPS,Swasta,Kp. Cilumber Balai RT. 04 RW. 09,Cibogo,Lembang,.000000000000,.000000000000,42,34,76,7,4
SPS  HARAPAN BUNDA 3,69836309,SPS,Swasta,KP. CIJENGKOL RT. 01 RW 03,Wangunsari,Lembang,-6.797647800000,107.670573300000,7,5,12,2,1
SPS A-TAQWA,69888184,SPS,Swasta,KP. LEUWEUNG DATAR RT.02 RW.06,BOJONG HALEUANG,Saguling,-6.870300000000,107.448600000000,62,52,114,8,1
SPS AD DZIKRI,69836119,SPS,Swasta,KP. Pasirjengkol RT.01 RW.11,Cinengah,Rongga,-6.959783000000,107.292266000000,36,44,80,6,0
SPS ADZ DZIKRI,69891606,SPS,Swasta,kP. Hegarmanah Rt. 01/08,Ganjarsari,Cikalongwetan,-6.760002900000,107.516641000000,26,18,44,1,1
SPS AIUEO,69935235,SPS,Swasta,Kp. Gantungan RT.05 RW.07,Jayamekar,Padalarang,-6.850898000000,107.463026000000,4,9,13,1,1
SPS AL  KAUTSAR,69979208,SPS,Swasta,Kp. Sempur Bajeg Rt 01/03 Ds. Cicangkanghilir,Cicangkang Hilir,Cipongkor,-6.954373500000,107.377405000000,14,21,35,3,2
SPS AL - INAYAH,69836126,SPS,Swasta,KP SINDANGPALAY RT02/01 DS.CILANGARI,Cilangari,Gununghalu,-7.070103500000,107.325346800000,12,11,23,2,1
SPS AL - ISTIQOMAH,69836131,SPS,Swasta,Kp. Pasir Huni,Bunijaya,Gununghalu,-7.045930400000,107.237564100000,8,7,15,2,1
SPS AL - KAUTSAR,69836134,SPS,Swasta,Kp. Selakopi Rt. 03/09 Desa Sirnajaya,Sirnajaya,Gununghalu,-7.012063900000,107.351497300000,14,10,24,2,0
SPS AL AFDOOR,69955483,SPS,Swasta,Kp. Cimangglid RT.02 RW.08,Cicadas,Rongga,-7.004700000000,107.196800000000,31,28,59,3,1
SPS AL AHZA,70049103,SPS,Swasta,Kp. Cijambu RT. 001 RW. 005,Cinengah,Rongga,.000000000000,.000000000000,14,13,27,0,1
SPS AL AKBAR,69976569,SPS,Swasta,Kp. Sampora Rt 02 Rw 08,Karanganyar,Cililin,-6.993785300000,107.474729000000,24,11,35,3,2
SPS AL AMALIYAH,69836244,SPS,Swasta,KP TOTOSAN,Baranangsiang,Cipongkor,-6.898000000000,107.330000000000,36,25,61,3,2
SPS AL AMANAH,69891552,SPS,Swasta,Kp. Cibaros RT.02 RW.08,Sukaresmi,Rongga,-7.012301000000,107.196441300000,21,19,40,3,1
SPS AL AMANAH,69922751,SPS,Swasta,Kp. Ranca Ucit Rt.04/06,Rancapanggung,Cililin,-5.443757000000,114.421127000000,29,21,50,2,1
SPS AL AMIN,69891581,SPS,Swasta,KP. CIPEUNDEUY  RT. 02 / 04  DESA JATI,JATI,Saguling,-6.894826000000,107.401766600000,15,15,30,4,1
SPS Al Azkia,69836230,SPS,Swasta,Kp. Ciangkrong rt 02 rw 08,Sarinagen,Cipongkor,-6.928800000000,107.363400000000,14,13,27,2,1
SPS AL BADAR,69966362,SPS,Swasta,Kp. Darunadwah,Girimukti,Cipongkor,-6.974490000000,107.374538000000,29,36,65,4,1
SPS AL BAROKAH,69836128,SPS,Swasta,Kp. Cisitu Rt 04/02,Sindangjaya,Gununghalu,-7.070168900000,107.281409200000,22,28,50,4,1
SPS AL BIDAYAH,69836107,SPS,Swasta,Kp. Bojong Koneng RT.04 RW.02,Cibedug,Rongga,-6.995700000000,107.288400000000,25,25,50,1,1
SPS AL FAISAL,69969661,SPS,Swasta,Kp. Cikaracak no. 85 B Rt 02/03 Ds. Cijambu,Cijambu,Cipongkor,-6.919700000000,107.339151000000,22,27,49,1,2
SPS AL FATTAH,69926725,SPS,Swasta,Kp. Pasir Panjang Rt.06 Rw.01,Rancapanggung,Cililin,-6.995540000000,107.439793000000,26,19,45,2,1
SPS AL HASANIYAH,69978858,SPS,Swasta,Kp. Sukasari Ds. Galanggang,Galanggang,Batujajar,-6.902573300000,107.445970100000,8,9,17,1,1
SPS AL HIDAYAH,69836408,SPS,Swasta,MALINGPING RT. 02 / XI,Rende,Cikalongwetan,-6.746200000000,107.403900000000,17,18,35,3,2
SPS AL HIKMAH MANDIRI,69976801,SPS,Swasta,KP. KEBON CAU RT 02 RW 05,Kertawangi,Cisarua,-6.807651900000,107.554659400000,2,6,8,1,1
SPS AL IHSAN,69836389,SPS,Swasta,BALEPULANG RT. 02 / 10,Cipada,Cikalongwetan,-6.764600000000,107.480900000000,19,17,36,3,1
SPS AL IKHLAS,69836123,SPS,Swasta,KP. Cilengsar RT.01 RW.09,Sukaresmi,Rongga,-6.941900000000,107.292100000000,11,12,23,2,1
SPS AL IKHSAN,69836375,SPS,Swasta,KP. KOLELEGA RT. 03 / 01,Sadangmekar,Cisarua,-6.833174900000,107.564708400000,35,29,64,1,0
SPS AL KAUTSAR,69891578,SPS,Swasta,BABAKAN PARI,Batujajar Timur,Batujajar,-6.910800000000,107.511000000000,14,14,28,3,1
SPS AL MANAR,69836113,SPS,Swasta,Jl. Raya Pasar Bojong RT.03 RW.04,Bojong,Rongga,-6.935300000000,107.309000000000,35,29,64,3,2
SPS AL MUHAJIRIN,69919819,SPS,Swasta,Kp. Cimerang RT.03 RW.06,Cimerang,Padalarang,-6.873816000000,107.488132000000,3,5,8,4,1
SPS AL MUHAJIRIN,69935234,SPS,Swasta,Kp. Pasirtugu Rt.04 Rw.16 Ds. Bongas,Bongas,Cililin,-6.953010000000,107.396969000000,14,17,31,2,1
SPS AL MUNAJAT,69836372,SPS,Swasta,JALAN TUGU II RT. 01 RW. 06,Tugumukti,Cisarua,-6.827914600000,107.559610900000,13,25,38,1,0
SPS AL MUNAWAR CIMERANG,69976678,SPS,Swasta,KP. Ciluncat RT.01 RW.10,Cimerang,Padalarang,-6.805000000000,107.447700000000,42,38,80,3,0
SPS AL MUSLIMUN,69836370,SPS,Swasta,KP. PANYANDAAN RT.01 RW.14,Jambudipa,Cisarua,-6.822000600000,107.559100700000,36,37,73,5,2
SPS AL QURAN MANAARUL HUDA,69929946,SPS,Swasta,Kp. Cisarongge RT.O2 RW.11,Mekarmukti,Cihampelas,-6.934499000000,107.474014700000,32,19,51,2,3
SPS AL-ANWAR,69891584,SPS,Swasta,KP.SUKALILAH RT.01 RW 14,Rajamandala Kulon,Cipatat,-6.832500000000,107.351100000000,33,24,57,4,1
SPS AL-BAROKAH,69891565,SPS,Swasta,Kp. Garung RT.01 RW.07,Pataruman,Cihampelas,-6.958883400000,107.493893700000,10,15,25,1,1
SPS AL-FATHONAH,69836194,SPS,Swasta,JL. CIHAMPELAS RT.04 RW.02,Cihampelas,Cihampelas,-6.927614600000,107.470020300000,5,13,18,4,0
SPS AL-INAYAH,69888185,SPS,Swasta,KP. DUNGUS KALONG RT 01/07,GIRIMUKTI,Saguling,-6.899733000000,107.424131000000,7,18,25,2,1
SPS AL-ITISOM,69836239,SPS,Swasta,Kp. Citiis Rt 01/03,Baranangsiang,Cipongkor,-6.910182000000,107.359745000000,9,9,18,1,2
SPS AL-KAHFI,69968991,SPS,Swasta,KP BABAKAN BANDUNG,Rajamandala Kulon,Cipatat,-6.831213200000,107.389718400000,14,17,31,1,1
SPS AL-MAHIRA,70040518,SPS,Swasta,Kp. Ciangkrong RT. 002 RW.008,Sarinagen,Cipongkor,-6.927500000000,107.373600000000,13,18,31,2,1
SPS AL-MASDUQIYYAH,69882687,SPS,Swasta,CIBALOK RT 01/04,Citalem,Cipongkor,-5.443757000000,114.421127000000,10,17,27,3,2
SPS AL-MUAWANAH,69836220,SPS,Swasta,Kp. Sukamaju Rt 01/06 Ds. Cicangkanghilir,Cicangkang Hilir,Cipongkor,-6.969293000000,107.405788000000,0,0,0,2,1
SPS AL-MUBTADIIN,69968948,SPS,Swasta,kp cipari,Cijambu,Cipongkor,-6.937367900000,107.362093100000,23,19,42,4,3
SPS AL-MUKAROMAH,69882686,SPS,Swasta,KP. SUKAMULYA,Cibenda,Cipongkor,-6.947916200000,107.362337700000,17,25,42,3,2
SPS AL-MUNAWAROH,69836233,SPS,Swasta,KP. GENTENG RT 02/02,Cintaasih,Cipongkor,-6.892339400000,107.344132900000,19,13,32,1,0
SPS ALISTIQOMAH,69836422,SPS,Swasta,CISALAK,Sirnagalih,Cipeundeuy,-6.725289500000,107.330162800000,15,11,26,2,1
SPS AN NADZRI,69891551,SPS,Swasta,Kp. Kubangsari RT.01 RW.13,Cinengah,Rongga,-6.959400000000,107.293000000000,47,33,80,7,0
SPS AN NAJAH,69935232,SPS,Swasta,Kp. CIbungur Rt.01 Rw.13,Bongas,Cililin,-7.550591000000,108.050151000000,27,18,45,4,1
SPS AN NUR,69836258,SPS,Swasta,KP. CIBODAS RT. 04 RW.07,Pangauban,Batujajar,-6.897368700000,107.462379500000,29,37,66,5,1
SPS ANGGREK 1,69836169,SPS,Swasta,KP. CISALAK RT.02 RW.03,Tanjungwangi,Cihampelas,-6.952984000000,107.483646700000,20,15,35,3,1
SPS ANGGREK BIRU,69836191,SPS,Swasta,Jl. CIPANJI RT.02 RW.12,Cihampelas,Cihampelas,-6.927033000000,107.482598000000,27,23,50,3,2
SPS ANGGREK II,69836167,SPS,Swasta,KP. CIBUNAR RT. 04 RW.05,Tanjungwangi,Cihampelas,-6.955753700000,107.489754800000,22,21,43,4,0
SPS ANGGREK PUTIH,69836179,SPS,Swasta,Kp. BUNISARI RT. 02 RW. 06,Pataruman,Cihampelas,-6.950059400000,107.504607100000,28,11,39,2,1
SPS ANGGREK PUTIH,69836172,SPS,Swasta,Kp. CICAPAR RT.002 RW.003,Situwangi,Cihampelas,-6.918671000000,107.475243100000,44,37,81,4,2
SPS ANGGREK PUTIH,69836206,SPS,Swasta,KP. PARIGI RT. 01 /01,Mekarjaya,Cihampelas,-6.932257400000,107.469033600000,9,11,20,1,1
SPS ANGGREK PUTIH 2,69910153,SPS,Swasta,Kp. Tipar Barat Rt.08/02,Laksanamekar,Padalarang,-6.872900000000,107.506200000000,34,24,58,2,1
SPS ANGGREK PUTIH XIII,69919820,SPS,Swasta,Kp. Tipar Silih Asih Blok A19,Laksanamekar,Padalarang,-6.879100000000,107.458500000000,5,11,16,1,2
SPS ANGGREK UNGU,69973434,SPS,Swasta,Kp.Legok Kondang Rt 02/22 Ds. Sirnajaya,Sirnajaya,Gununghalu,-7.137504000000,107.404774000000,0,1,1,1,2
SPS ANGSANA MEKAR,69935811,SPS,Swasta,Kp.Pasir angsana mekar Rt.04 Rw.08,Rende,Cikalongwetan,-6.724124900000,107.447153500000,6,7,13,3,1
SPS ANNISA,69836187,SPS,Swasta,KP. CICALENGKA RT. 05 / RW. 06,Mekarmukti,Cihampelas,-6.940355900000,107.515290600000,15,9,24,2,1
SPS ANNUR,69836200,SPS,Swasta,KP. NYANGEGENG RT.02 RW.11,Tanjungjaya,Cihampelas,-6.923000000000,107.438400000000,12,6,18,2,1
SPS ANUR CIKANCANA,69836232,SPS,Swasta,Jl. AMD Manunggal 50 No.85A,Cibenda,Cipongkor,-6.941405000000,107.323593000000,12,14,26,1,2
SPS AR RAHMA,69985687,SPS,Swasta,"Kp. Cipicung RT 001 RW 004,",CIPANGERAN,Saguling,-6.866851200000,107.449499600000,18,10,28,1,1
SPS AR RAHMAN,70049104,SPS,Swasta,Kp. Babakan RT. 001 RW. 008,Cimerang,Padalarang,.000000000000,.000000000000,6,4,10,1,1
SPS AR RIDWAN,69987565,SPS,Swasta,Kp. Cikawung Rt 01/10,Cijenuk,Cipongkor,-6.976204700000,107.369670700000,27,25,52,2,1
SPS AR-RAHMAN,69882688,SPS,Swasta,Kp. Cipongkor Rt. 01 Rw. 06,Mekarsari,Cipongkor,-6.949700000000,107.372800000000,12,10,22,4,1
SPS ARAFAH,69836260,SPS,Swasta,SUKAMANAH,Pangauban,Batujajar,-6.929791900000,107.514457600000,3,8,11,2,1
SPS ARSYAUQI,69990015,SPS,Swasta,Kp. Cibedug Rt 05/03,Puncaksari,Sindangkerta,-7.013535900000,107.399629700000,10,21,31,2,0
SPS AS SAADAH,69836122,SPS,Swasta,Kp. Cijambu RT.01 RW.14,Sukaresmi,Rongga,-6.932799700000,107.278368600000,19,16,35,5,0
SPS AS SANIAH,69836127,SPS,Swasta,Kp. Cilangari,Cilangari,Gununghalu,-7.055698900000,107.318794700000,13,10,23,3,1
SPS AS SOPA,69969488,SPS,Swasta,Kp. Pasir Teureup Rt 02/03 Ds. Cijenuk,Cijenuk,Cipongkor,-6.984265800000,107.374498800000,12,5,17,3,1
SPS AS SYIFA,69971510,SPS,Swasta,Kp. Kebon Dalapan Rt 05/08 Ds. Rancapanggung,Rancapanggung,Cililin,-6.974715200000,107.472928800000,18,22,40,0,2
SPS AS-SUBBAN,69836215,SPS,Swasta,PASIR MUNCANG RT.02/05,Cijenuk,Cipongkor,-5.443800000000,114.421100000000,29,25,54,2,2
SPS ASA-AYOSO,69955565,SPS,Swasta,Kampung Tegalaja Rt. 02 Rw. 03,Mukapayung,Cililin,-6.984900000000,107.435100000000,0,0,0,1,0
SPS ASSABIQ,69836140,SPS,Swasta,CIBURUY RT. 01 / 03,Cintakarya,Sindangkerta,-6.992653000000,107.401198000000,9,11,20,2,1
SPS ASSALAFIYYAH,69968556,SPS,Swasta,Kp. Rende Rt 01 Rw 02,Rende,Cikalongwetan,-6.735755000000,107.399715000000,18,27,45,4,1
SPS ASTER,69836373,SPS,Swasta,JL. SUKARAJA NO.38,Pasirlangu,Cisarua,-6.814400100000,107.563812700000,28,21,49,6,0
SPS ASY SYADIAH,69965061,SPS,Swasta,Kp. Pasar Rt.03 Rw.02,Mekarmukti,Cihampelas,-6.939449400000,107.479421400000,9,13,22,1,1
SPS AT TAQWA,69836201,SPS,Swasta,JL. SUKATENGAH RT.02 RW.03,Tanjungjaya,Cihampelas,-6.915659000000,107.420888000000,53,45,98,6,1
SPS AT TAUFIQ,69836284,SPS,Swasta,Kp.BABAKAN NO.31 RT.01 RW.10,Cimareme,Ngamprah,-6.864300000000,107.508400000000,7,10,17,1,2
SPS AT-TAUHID,69891601,KB,Swasta,Kp. Cilengsar RT.02 RW.01,Sadangmekar,Cisarua,-6.787083400000,107.492779400000,9,11,20,2,1
SPS At-Tifliyah,69836143,SPS,Swasta,Bunijaya,Cintakarya,Sindangkerta,-6.971200000000,107.403100000000,19,16,35,2,1
SPS ATTAQWA,69973764,SPS,Swasta,Kp. Pasar Puncak Rt 02/02 Ds. Celak,Celak,Gununghalu,-7.001097600000,107.349905500000,11,7,18,1,0
SPS AZ ZAHRA,69836197,SPS,Swasta,Kp.CI AJAG RT.03 RW.04,Tanjungjaya,Cihampelas,-6.934661100000,107.489527100000,9,10,19,3,1
SPS AZ ZAHRA,69836116,SPS,Swasta,Kp. Cikadu RT.01 RW.05,Bojongsalam,Rongga,-6.976880200000,107.194846300000,25,25,50,5,1
SPS AZ-ZAHRA,69836259,SPS,Swasta,CIBODAS RT.01 RW.08,Pangauban,Batujajar,-6.919923300000,107.512394700000,19,25,44,3,1
SPS AZ-ZAHRA,69888183,SPS,Swasta,KP CILESANG RT 02/04,CIKANDE,Saguling,-6.864219000000,107.454307700000,19,18,37,3,2
SPS AZHARUL UM,69920270,SPS,Swasta,Kp. Cigentur Rt.02 Rw.03,Mandalasari,Cikalongwetan,-6.745857400000,107.467195900000,15,14,29,2,1
SPS Bahrul Ulum,69966370,SPS,Swasta,Kp. Mariuk Rt 02 Rw 02,Neglasari,Cipongkor,-6.961360600000,107.386939700000,19,22,41,4,1
SPS BAITUL ILMI,70015945,SPS,Swasta,Kp. Cisaladah No.66 Rt.05 Rw.11,Ciptaharja,Cipatat,.000000000000,.000000000000,5,6,11,1,2
SPS BINA CERIA,69836281,SPS,Swasta,Jl. UTAMA KOMP PPI RW 22,Padalarang,Padalarang,-6.850114000000,107.472847000000,5,17,22,3,1
SPS BINA PUTRA,69916611,SPS,Swasta,KP. KEBON KALAPA RT.02/02,Tanimulya,Ngamprah,-6.862177000000,107.530539000000,19,27,46,3,1
SPS BINANGKIT,69891583,SPS,Swasta,KP BABAKAN KERSEN,SAGULING,Saguling,-6.892400000000,107.414300000000,19,20,39,5,1
SPS BINAYAH,69836207,SPS,Swasta,Pasir Manglid Rt 01/05,Karangsari,Cipongkor,-6.969847000000,107.344907000000,38,38,76,4,1
SPS BINTANG CERIA 24,69954126,SPS,Swasta,Perum. Bentang Padalarang Regency Rw. 24,Jayamekar,Padalarang,-6.851300000000,107.457000000000,13,8,21,2,2
SPS BOUGENVILLE CERIA,69836334,SPS,Swasta,JL. REPELITA 2 RT 02 RW 04 KP. MEKARSARI,Lembang,Lembang,-6.820247000000,107.623330000000,6,16,22,3,4
SPS BUAH HATI,69836340,SPS,Swasta,SUKADAMI RT.02 / RW.07,Sukajaya,Lembang,-6.786808000000,107.612439400000,15,17,32,1,3
SPS BUNGA ASTER,69836202,SPS,Swasta,KP. PASIR PENDEUY RT.03 RW.09,Mekarjaya,Cihampelas,-6.917286300000,107.417322200000,16,11,27,2,1
SPS BUNGA HARAPAN,69836205,SPS,Swasta,KP. WARUDOYONG RT.02 RW.03,Mekarjaya,Cihampelas,-6.929926400000,107.432643300000,19,20,39,2,1
SPS BUNGA MAWAR,69836335,SPS,Swasta,KP. KARAMAT RT. 02 / 06,Cikahuripan,Lembang,-6.816800000000,107.603900000000,14,15,29,1,1
SPS BUNGA MEKAR,69836115,SPS,Swasta,KP. Cikadu RT.01 RW.05,Bojongsalam,Rongga,-6.987870000000,107.196136600000,14,8,22,2,1
SPS BUNGA PLAMBOYAN,69891567,SPS,Swasta,Kp. Cilambuuh RT.03 RW.08,Mekarjaya,Cihampelas,-6.915646100000,107.447093000000,12,9,21,2,1
SPS CAHAYA,69836199,SPS,Swasta,KP. RANCARIRIP RT.02 RW.02,Tanjungjaya,Cihampelas,-6.933798800000,107.459381100000,27,31,58,4,1
SPS CAHAYA HATI,69933229,SPS,Swasta,Kp. Parongpong No.73,Karyawangi,Parongpong,-6.803900000000,107.584000000000,9,6,15,3,1
SPS CAHAYA HATI,69891553,SPS,Swasta,Kp Pasir Koneng Rt. 03 Rw. 18,Sukaresmi,Rongga,-6.950994100000,107.226124200000,41,41,82,3,0
SPS CAHYA GEMILANG,69916614,SPS,Swasta,JL. CIBATU RT.02/06,Cilame,Ngamprah,-6.851900000000,107.515900000000,14,7,21,1,1
SPS CEMPAKA,69836171,SPS,Swasta,Kp.  Pojok RT.01 RW.07,Tanjungwangi,Cihampelas,-6.963772200000,107.510113300000,22,14,36,3,1
SPS CEMPAKA,69888182,SPS,Swasta,KP. CIKANDE RT/RW 02/02,CIKANDE,Saguling,-6.873700000000,107.440900000000,31,46,77,3,1
SPS CEMPAKA 1,69836177,SPS,Swasta,Kp .Cempaka RT.08 RW.01,Pataruman,Cihampelas,-6.953729000000,107.471094200000,15,17,32,2,1
SPS CENDRAWASIH,69836106,SPS,Swasta,Kp. Cimeta RT.04 RW.08,Cibedug,Rongga,-6.969573000000,107.206349700000,10,12,22,3,1
SPS DAHLIA,69888188,SPS,Swasta,MEKAR SARI RT 01 RW 04,SAGULING,Saguling,-5.443187000000,114.426673000000,25,18,43,3,1
SPS DAHLIA KUNING,69836203,SPS,Swasta,JL. LAPANG CIPULUS MAROKO RT.01 RW.02,Mekarjaya,Cihampelas,-6.940238200000,107.486782500000,17,8,25,2,1
SPS DAHLIA MEKAR,69891582,SPS,Swasta,KP. NANGKOD RT 04 RW 03,JATI,Saguling,-6.874535200000,107.435678000000,16,18,34,3,1
SPS DARUL FIKRI,69836129,SPS,Swasta,Kp. Cikawung Rt.03/06,Sindangjaya,Gununghalu,-6.980990600000,107.336880900000,9,8,17,3,2
SPS DARUL HASANAH,69836184,SPS,Swasta,KP. NEGLASARI RT.02 RW.07,Citapen,Cihampelas,-6.928930900000,107.489517100000,8,11,19,2,1
SPS DARUL IBTIDA,69882689,SPS,Swasta,Tegal Panjang,Cijambu,Cipongkor,-6.924700000000,107.336500000000,6,11,17,4,0
SPS ECO PESANTREN DT,69836300,SPS,Swasta,JL. CIGUGUR GIRANG NO. 33 KP. PANGSOR,Cigugur Girang,Parongpong,-6.477695000000,107.803859000000,36,35,71,8,3
SPS EL BADR,69836117,SPS,Swasta,Kp. Nyangigir RT.03 RW.03,Cinengah,Rongga,-6.972093300000,107.205158100000,18,23,41,5,1
SPS GRAHA BERSERI,69916612,SPS,Swasta,GBR 3 BLOK D4 NO 7 RT.10 RW.25,Cilame,Ngamprah,-6.849007000000,107.518821000000,18,18,36,3,2
SPS HABIBUL FURQON,69966790,SPS,Swasta,Kp. Cijenuk Rt 04 Rw 04,Cijenuk,Cipongkor,-6.892523800000,107.328667800000,3,6,9,1,0
SPS HARAPAN BANGSA,69836188,SPS,Swasta,Kp. Rongga RT.05 RW.07,Cihampelas,Cihampelas,-6.975662600000,107.502275900000,12,12,24,2,1
SPS HARAPAN BUNDA,69836272,SPS,Swasta,KP. CIBACANG RT.04 RW 05,Cipeundeuy,Padalarang,-6.867570000000,107.485315000000,7,15,22,3,1
SPS HARAPAN PERTIWI,69836401,SPS,Swasta,KP. PASAR RT. 04 / 02,Ciptagumati,Cikalongwetan,-6.709505800000,107.390576300000,19,26,45,3,1
SPS HIKMAH NUR ROHMAN,69935849,SPS,Swasta,Kp. Jaladri Rt.01 Rw.09,Karangtanjung,Cililin,-6.977328000000,107.457892000000,7,4,11,0,1
SPS IKHSAN,69836381,SPS,Swasta,KP. SIRNARAJA RT. 03 / 12,Mandalasari,Cikalongwetan,-6.711134600000,107.443319800000,17,16,33,3,2
SPS INSAN KAML,69925421,SPS,Swasta,Kp. Pangkalan no.48 Rt.02 Rw.08,Cimanggu,Ngamprah,-6.860943600000,107.527763700000,23,13,36,2,1
SPS KANZUL UMMAH,69933616,SPS,Swasta,Kp. Tanjung Biru Rt.02 Rw.15,Mandalamukti,Cikalongwetan,-6.793175900000,107.451563500000,9,10,19,2,2
SPS KASIH IBU KHAZANAH 9,69923433,SPS,Swasta,Kp. Babakan Talang Bawah RT.03 RW.09,Kertamulya,Padalarang,-6.838618000000,107.477526000000,23,10,33,3,1
SPS KASIH IBU MANDIRI,69921207,SPS,Swasta,Kp. Situsaeur RT.02 RW.01,Kertamulya,Padalarang,-5.446100000000,114.424600000000,7,8,15,2,1
SPS KASIH IBU PERMATA HATI,69937820,SPS,Swasta,Kp. Pos Kulon Rt.04 Rw.03,Kertamulya,Padalarang,-6.840500000000,107.484400000000,16,13,29,1,1
SPS KENANGA,70052063,SPS,Swasta,Kp Cicalengka RT001 RW 003,Mekarmukti,Cihampelas,-6.931400000000,107.473000000000,11,20,31,2,1
SPS KHAERUNNISA,69933618,SPS,Swasta,Kp. CIkalong Kolot Rt.02 Rw.08,Cikalong,Cikalongwetan,-6.732134200000,107.464639500000,8,8,16,1,1
SPS KUMBANG MELATI,69836185,SPS,Swasta,Jl. Citapen Kidul RT.02 RW.04,Citapen,Cihampelas,-6.934282000000,107.496274000000,24,15,39,2,1
SPS KUNCUP HARAPAN,69836374,SPS,Swasta,Kp. LOJI RT.02 RW.02,Cipada,Cisarua,-6.826957700000,107.563005500000,22,22,44,1,1
SPS KUNTUM MEKAR 12,69935236,SPS,Swasta,Kp. Gantungan RT.02 RW.12,Jayamekar,Padalarang,-6.851239000000,107.461871000000,23,14,37,2,1
SPS LESTARY,69836198,SPS,Swasta,"Kp, Mareleng  RT. 01 RW. 09",Tanjungjaya,Cihampelas,-6.978476400000,107.502386200000,12,10,22,3,2
SPS MANGGIS,69836264,SPS,Swasta,KP.CIJUHUNG RT.03 RW 05,Ciptaharja,Cipatat,-6.839100000000,107.371400000000,16,15,31,3,1
SPS MAWAR,69836189,SPS,Swasta,KP. BABAKAN CIANJUR RT. 07 RW. 03,Cihampelas,Cihampelas,-6.943951200000,107.499465300000,21,20,41,3,1
SPS MAWAR,69888187,SPS,Swasta,KP. CIGEMPOL RT 02 RW 01,CIPANGERAN,Saguling,-6.889278400000,107.407161700000,15,26,41,5,0
SPS MAWAR 10,69976723,SPS,Swasta,JL. GANDRUNG RT 04 RW 10,Jambudipa,Cisarua,-6.818100000000,107.562700000000,9,4,13,1,1
SPS MAWAR 3,69932967,SPS,Swasta,Kp. Cilutung Rt.01 Rw.03 Ds. CIpangeran,CIPANGERAN,Saguling,-6.887159500000,107.438585400000,33,18,51,3,0
SPS MAWAR 3 DAN 4,69836273,SPS,Swasta,"BLOK Salim RT,02 RW.03",Kertajaya,Padalarang,-6.849267000000,107.492639000000,19,17,36,3,0
SPS MAWAR CERIA,69836318,SPS,Swasta,KP. BUKANAGARA I RT. 06 RW. 01,Pagerwangi,Lembang,-6.826300000000,107.630400000000,13,15,28,3,1
SPS MAWAR MEKAR 1,69923432,SPS,Swasta,Kp. Babakan Kamulyan RT.02 RW.01,Ciburuy,Padalarang,-6.835700000000,107.476300000000,17,5,22,2,1
SPS MAWAR MERAH,69836204,SPS,Swasta,Kp. SADANG RT.03 RW.06,Mekarjaya,Cihampelas,-6.959016200000,107.470455800000,17,11,28,3,1
SPS MAWAR PUTIH,69891563,SPS,Swasta,KP. SITUWANGI RT.03 RW.12,Situwangi,Cihampelas,-6.918330500000,107.409417500000,38,44,82,4,1
SPS MAWAR PUTIH 3,69888186,SPS,Swasta,KP. JALUPANG RT 01 RW 03,GIRIMUKTI,Saguling,-6.885400000000,107.423300000000,31,41,72,4,1
SPS MAWAR PUTIH 8,69888191,SPS,Swasta,KP WARUDOYONG,GIRIMUKTI,Saguling,-6.897749400000,107.372244100000,33,25,58,7,2
SPS MEKARWANGI,69882690,SPS,Swasta,JL. KP. MEKARWANGI RT.02 RW.05,Jambudipa,Cisarua,-6.801681100000,107.540526100000,23,13,36,1,0
SPS MELATI,69836263,SPS,Swasta,PERUM CIPATAT ELOK BLOK A RT 01 RW 15,Ciptaharja,Cipatat,-6.784488800000,107.433874100000,21,21,42,1,1
SPS MELATI,69836178,SPS,Swasta,KP. BALAKASAP RT. 01 RW. 04,Pataruman,Cihampelas,-6.938929000000,107.516127000000,23,22,45,4,2
SPS MELATI,69836190,SPS,Swasta,KP. BABAKAN CIANJUR RT.02 RW.04,Cihampelas,Cihampelas,-6.941900000000,107.495900000000,19,10,29,2,1
SPS MELATI,69891590,SPS,Swasta,Kp. Sadang Kulon RT.01 RW.17,Ciburuy,Padalarang,-6.831900000000,107.470800000000,18,24,42,3,1
SPS MELATI,69922725,KB,Swasta,Kp. Pasir Ceuri Rt.01/02,Gununghalu,Gununghalu,-7.001900000000,107.352600000000,17,14,31,2,1
SPS MELATI 02,69836168,SPS,Swasta,"KP. Cisalak RT,03 RW.02",Tanjungwangi,Cihampelas,-6.928400000000,107.452200000000,27,26,53,7,1
SPS MELATI 18 AL FURQON,69836276,SPS,Swasta,JL RAYA CIBURUY RT.01  RW.18,Padalarang,Padalarang,-6.834216000000,107.468132000000,24,29,53,1,1
SPS MELATI 21,69836279,SPS,Swasta,Komp KPAD Sejahtera RW.21,Padalarang,Padalarang,-6.846400000000,107.466600000000,35,27,62,2,2
SPS MELATI 7,69891589,SPS,Swasta,KP. BABAKAN LOA RT.05 RW.07,Padalarang,Padalarang,-6.839728000000,107.482097000000,17,16,33,1,1
SPS MELATI PUTIH,69836265,SPS,Swasta,KP.CIRAWA MEKAR RT.01 RW.03,Cirawamekar,Cipatat,-6.806870000000,107.387581000000,20,16,36,1,1
SPS MENTARI,69836306,SPS,Swasta,JL RAYA LEMBANG KP. ANDIR RT. 01 / 05,Gudangkahuripan,Lembang,-6.796285800000,107.612348800000,24,19,43,3,1
SPS MERPATI,69836250,SPS,Swasta,JL. RAYA BATUJAJAR NO. 193,Batujajar Timur,Batujajar,-6.927884500000,107.495943300000,29,20,49,6,1
SPS MIFTAHUL HUDA,69836406,SPS,Swasta,KP BOJONG RT. 02 / 11,Cikalong,Cikalongwetan,-6.735000000000,107.436600000000,17,25,42,2,1
SPS MIFTAHUL ILMI,69916610,SPS,Swasta,KP CIMANGGU RT.001 RW.013,Cimanggu,Ngamprah,-6.816500000000,107.517800000000,25,35,60,2,0
SPS MIFTAHUSSAADAH,69935805,SPS,Swasta,Kp. CIanca Rt.02 Rw.08,Cisomang Barat,Cikalongwetan,-6.756900000000,107.384600000000,29,25,54,6,2
SPS MUTIARA SAKINAH,69836322,SPS,Swasta,KOMP. BTN CIPUTRI INDAH,Langensari,Lembang,-6.824000000000,107.643200000000,10,10,20,2,1
SPS NUR FITRIYANI,69836133,SPS,Swasta,Kp. Kubang Rt.01/16,Bunijaya,Gununghalu,-7.162170000000,107.173133000000,10,10,20,2,1
SPS NURROHMAN,69836166,SPS,Swasta,JL. Nyalindung RT.04 RW.02,Singajaya,Cihampelas,-6.946800000000,107.478200000000,15,23,38,3,0
SPS NURSSABYAN TAMAN FIRDAUS,70040517,SPS,Swasta,Kp. Cigarung RT. 004 RW. 001,Mekarsari,Cipongkor,.000000000000,.000000000000,26,22,48,2,1
SPS NURUL ATHFAL,69836118,SPS,Swasta,Kp. Cageundang RT.04 RW.01,Cinengah,Rongga,-6.975700000000,107.273000000000,10,29,39,3,1
SPS NURUL FALAH,69937364,SPS,Swasta,Kp. Hegarmanah Rt.03/02,Cilangari,Gununghalu,-7.017684400000,107.312080800000,20,9,29,3,1
SPS NURUL HIDAYAH,69891571,SPS,Swasta,KP. JATI RT. 02 RW. 06,Cintaasih,Cipongkor,-6.927967100000,107.362850400000,31,23,54,5,2
SPS NURUL HIKMAH,69961858,SPS,Swasta,KP. BABAKAN MUNCANG,Padaasih,Cisarua,-6.845869000000,107.559238000000,26,27,53,2,1
SPS Nurul Huda,69836180,SPS,Swasta,JL. Terusan soreang cipatik RT.02 RW.05,Pataruman,Cihampelas,-6.937616400000,107.505851000000,17,14,31,3,0
SPS NURUL HUDA,69836256,SPS,Swasta,KP. CITUNJUNG RT 03 RW 01,Galanggang,Batujajar,-6.933347300000,107.521374600000,5,1,6,3,0
SPS NURUL HUDA,69836109,SPS,Swasta,Kp. Ci seupan RT.001 RW.020,Sukamanah,Rongga,-6.965749100000,107.296227500000,15,18,33,3,1
SPS NURUL HUDA,69888190,SPS,Swasta,KP. CISALAK RT. 03 RW. 05,JATI,Saguling,-6.899223900000,107.392466500000,6,9,15,2,1
SPS NURUL IHSAN,69922251,SPS,Swasta,Kp. Wangun Rt.02 Rw.01,Karyamukti,Cililin,-7.036711000000,107.466674000000,29,12,41,2,1
SPS NURUSSHIBYAN,69917029,SPS,Swasta,Kp. Ciparay Rt.01/05,Sarinagen,Cipongkor,-6.943714000000,107.350522000000,11,14,25,3,2
SPS NUSA INDAH,69836275,SPS,Swasta,PERUM BINAKARYA RT.02 RW.18,Jayamekar,Padalarang,-6.855700000000,107.456100000000,19,8,27,3,1
SPS NUSA INDAH,69929948,SPS,Swasta,Kp. Rancakuda Rt.01 Rw.01,Citapen,Cihampelas,-6.927947900000,107.462336300000,6,13,19,2,1
SPS NUSA INDAH 02,69836253,SPS,Swasta,BLOK JAMBU NO 70 RT. 03 / 02,Galanggang,Batujajar,-6.912770000000,107.498938000000,12,22,34,4,1
SPS NUURUL HIDAYAH,69916615,SPS,Swasta,KP. CIHARASHAS,Margajaya,Ngamprah,-6.857659000000,107.506475000000,10,12,22,1,1
SPS PAUD AL HIDAYAH,69836283,SPS,Swasta,JL. RAYA BATUJAJAR,Cimareme,Ngamprah,-6.867571000000,107.502570000000,14,22,36,3,1
SPS PAUD AL KANDIYAS,69978081,SPS,Swasta,Kp. Cigagak Rt.07/05 Desa Baranangsiang Kec. Cipongkor KBB,Baranangsiang,Cipongkor,-6.908800000000,107.350700000000,41,46,87,5,1
SPS PAUD HIKMAH,69891602,SPS,Swasta,Kp. Bobojong RT.02 RW.12,Kanangasari,Cikalongwetan,-6.757000000000,107.398100000000,11,13,24,2,1
SPS PAUD IZATUL ISLAM,69928347,SPS,Swasta,Kp. Cireyod Rt.03/011,Cikidang,Lembang,-6.805372500000,107.604005000000,81,54,135,6,2
SPS PAUD MAHYRA,70037130,SPS,Swasta,KP PASIR WANGI RT.002 RW.006,Weninggalih,Sindangkerta,-7.026900000000,107.386500000000,16,10,26,1,2
SPS PAUD NUSA INDAH,69836292,SPS,Swasta,ANDIR,Gadobangkong,Ngamprah,-6.868684000000,107.522550000000,16,10,26,1,1
SPS PAUD SEKARWANGI 14,69941979,SPS,Swasta,"Jl. Raya Lembang KM. 12,7 Kp. Cihideung RT.01 RW.14",Gudangkahuripan,Lembang,-6.833300000000,107.605000000000,4,11,15,2,1
SPS PERMATA BUNDA MELATI 02,69976679,SPS,Swasta,KP. SUDIMAMPIR RT.04 RW.02,Padalarang,Padalarang,-6.848962000000,107.478412000000,9,10,19,2,1
SPS PESONA BUNDA,69967327,SPS,Swasta,Kp. Pasar Rt.01 Rw.02,Mekarmukti,Cihampelas,-5.443757000000,114.421127000000,9,13,22,1,1
SPS PKK MELATI,69836161,SPS,Swasta,DAYEUH LUHUR RT 01/06,Batulayang,Cililin,-6.981476000000,107.459614000000,12,8,20,3,1
SPS POS PAUD AN-NUR,69947670,SPS,Swasta,Kp. Cisalasih Rt.01/Rw.10 Ds. Cikidang Kec. Lembang,Cikidang,Lembang,-6.801300000000,107.690600000000,24,20,44,4,2
SPS POS PAUD ANGGREK,69924109,SPS,Swasta,Jl. Infantri Rt.04 Rw.19,Cilame,Ngamprah,-6.859697000000,107.508082000000,10,18,28,1,2
SPS POS PAUD ANGGREK,69986887,SPS,Swasta,JL. KUBANGPARI,Sukasari,Gununghalu,-6.989900000000,107.348900000000,19,16,35,5,1
SPS POS PAUD ANGGREK HI 21,69924132,SPS,Swasta,Puri Cipageran Indah 2 C Rt 03 Rw 21,Tanimulya,Ngamprah,-6.856500000000,107.529900000000,33,30,63,5,4
SPS POS PAUD BALEBAT,69836354,SPS,Swasta,KP. CIBURIAL RT.03 RW.06,Cibogo,Lembang,-6.805157300000,107.597423300000,11,10,21,2,1
SPS POS PAUD CEMPAKA PUTIH,69836359,SPS,Swasta,KP. CICALUNG RT. 03 / 08 JL. MARIBAYA ATAS,Wangunharja,Lembang,-6.802086200000,107.673241500000,10,8,18,4,1
SPS POS PAUD CENDANA 8,69836326,SPS,Swasta,Jl. Kenanga RT 01 RW 08 Kp. Pangragajian,Kayuambon,Lembang,-6.811248900000,107.666035800000,13,11,24,2,1
SPS POS PAUD CERIA,69836304,SPS,Swasta,Kp. Bakti Sejati RT. 01 RW. 09,Gudangkahuripan,Lembang,-6.828062200000,107.612527100000,20,21,41,2,2
SPS POS PAUD FLAMBOYAN CERIA,69836331,SPS,Swasta,KP. Caringin Pencut  RT.03 RW.07,Lembang,Lembang,-6.846987000000,107.617902000000,9,9,18,2,3
SPS POS PAUD HARAPAN BANGSA,69836365,SPS,Swasta,CIBEUYING RT.02 RW.10,Cibodas,Lembang,-6.772403700000,107.611955500000,21,5,26,1,1
SPS POS PAUD HARAPAN BUNDA 12,69836311,SPS,Swasta,Kp. Cirateun Peuntas RT.03 RW.15,Wangunsari,Lembang,-6.813300000000,107.614300000000,22,16,38,3,2
SPS POS PAUD HARAPAN BUNDA 15,69836313,SPS,Swasta,Kp. Areng RT.03 RW.07,Wangunsari,Lembang,-6.802242900000,107.689674600000,30,37,67,3,1
SPS POS PAUD HARAPAN BUNDA 9 AL FURQON,69836316,SPS,Swasta,Kp. Areng RT.01 RW.10,Wangunsari,Lembang,-6.809335900000,107.674454000000,0,0,0,1,1
SPS POS PAUD KANA,69986874,SPS,Swasta,JL.PONDOK DUSTIRA IV RT.05 RW.08,Gadobangkong,Ngamprah,-6.856198200000,107.527622000000,6,12,18,1,2
SPS POS PAUD KENANGA,69937541,SPS,Swasta,Perum Giriasih Permai RT 05 RW 14,Giriasih,Batujajar,-6.896872000000,107.497743000000,15,8,23,2,1
SPS POS PAUD KENANGA,69836307,SPS,Swasta,"Jl. Raya lembang KM.12,6 Cihideung RT. 04 RW. 04",Gudangkahuripan,Lembang,-6.810809700000,107.672088200000,7,7,14,1,1
SPS POS PAUD KENANGA CERIA,69836361,SPS,Swasta,Kp.Cibeunying  Maribaya Timur RT.02 RW.13,Cibodas,Lembang,-6.819381600000,107.638140900000,2,7,9,null,null
SPS POS PAUD MAWAR,69836360,SPS,Swasta,CIBEUREUM RT 04/ 01,Wangunharja,Lembang,-6.809610000000,107.668716000000,39,20,59,3,1
SPS POS PAUD MELATI 03 JAYAGIRI,69836350,SPS,Swasta,Kp. Bewak RT. 02 RW.03,Jayagiri,Lembang,-6.825163200000,107.621455300000,24,15,39,5,2
SPS POS PAUD MELATI 10 ZABAL NUR,69836342,SPS,Swasta,KP. Gunungputri RT. 02 RW.10,Jayagiri,Lembang,-6.854448400000,107.604114200000,15,15,30,1,1
SPS POS PAUD MELATI WANGUNHARJA,69836358,SPS,Swasta,CIKAWARI RT. 03 / 04,Wangunharja,Lembang,-6.793500000000,107.648700000000,34,36,70,3,1
SPS POS PAUD MELATI XI,69836341,SPS,Swasta,Jl. Jayagiri II RT.02 RW.11,Jayagiri,Lembang,-6.844040500000,107.643194200000,13,18,31,2,1
SPS POS PAUD QURROTUL AINI,69836353,SPS,Swasta,Kp. Cilumber RT.02  RW.12,Cibogo,Lembang,-6.794640500000,107.659689500000,14,8,22,2,2
SPS POS PAUD RIYADUL JANNAH,69920418,SPS,Swasta,Kp. Cibali RT.02 RW.05,Cicadas,Rongga,-6.996500000000,107.235200000000,33,19,52,3,2
SPS POS PAUD WIJAYA KUSUMAH,69891595,SPS,Swasta,BUMI PAKUSARAKAN,Tanimulya,Ngamprah,-6.859201000000,107.528220000000,9,6,15,2,1
SPS QATRUNNADA,69836227,SPS,Swasta,Jl. PLTA Saguling Kp. Cipereng,Citalem,Cipongkor,-6.946800000000,107.388900000000,13,11,24,4,1
SPS QIRANIA,69954398,SPS,Swasta,Kp. Ranca RT.01 RW.13,Cibitung,Rongga,-6.955951000000,107.281548400000,35,28,63,5,0
SPS QODARUSSALAM,69988246,SPS,Swasta,Kp. Margamulya Rt 05/07 Ds. Mekarwangi,Mekarwangi,Sindangkerta,-7.028537700000,107.413735800000,30,27,57,0,1
SPS RAHMATUSSYADIAH,69891586,SPS,Swasta,KP.CINANGSI.RT 01 RW 04,Cipatat,Cipatat,-6.830733000000,107.370329000000,7,10,17,2,1
SPS RAUDHAH ASSHOLIHIN,69836147,SPS,Swasta,PASIRPOGOR,Puncaksari,Sindangkerta,-6.983774000000,107.402794000000,23,34,57,1,0
SPS RAUDHATUL JANNAH,69916598,SPS,Swasta,"CIHALIWUNG WETAN , RT. 5 , RW. 3 ,",Sukatani,Ngamprah,-6.838275000000,107.493711000000,9,7,16,2,1
SPS RIYADLUL JANAH,69970705,SPS,Swasta,KP PUNCAK SUJI RT 01 RW 04,Cintaasih,Cipongkor,-6.953899000000,107.342430400000,4,4,8,2,1
SPS RIYADUL JANAH CIPONGKOR,69969627,SPS,Swasta,Kp. Babakan Rt 03/05 Ds. Cijambu,Cijambu,Cipongkor,-6.948088500000,107.306231500000,27,17,44,2,3
SPS RIYADUSSYIFA,70038890,SPS,Swasta,Kp. Ciwalahir No. 20 Rt.001 Rw.007,Cipatat,Cipatat,.000000000000,.000000000000,9,13,22,1,1
SPS ROSELLA,69882691,SPS,Swasta,KP. PAMOYANAN RT.03 RW.14,Padaasih,Cisarua,-6.821477800000,107.534873600000,9,8,17,2,2
SPS SEDAP MALAM,69989007,SPS,Swasta,KP. CISITU RT. 04 RW.11,Cibodas,Lembang,-6.816940100000,107.640709200000,11,11,22,null,null
SPS SEKAR ARUM,69836399,SPS,Swasta,Kp.Warung Domba RT O1 RW 03,Mandalamukti,Cikalongwetan,-6.748600000000,107.445000000000,29,16,45,4,2
SPS SEKARWANGI FIRDAUS,69836305,SPS,Swasta,KP. PASIRWANGI RT. 05 RW 11,Gudangkahuripan,Lembang,-6.832400000000,107.592400000000,22,21,43,4,1
SPS SHOKA LUMIGAR,69929895,SPS,Swasta,Kp. Cisarongge RT.03 RW.01,Mekarmukti,Cihampelas,-6.925194100000,107.410580800000,21,26,47,4,0
SPS SRIWULAN,69973805,SPS,Swasta,Kp. Saronge Rt 02/08 Ds. Girimukti,Girimukti,Cipongkor,-6.948895500000,107.383056600000,0,0,0,0,1
SPS SYARIF HIDAYATULLOH,69836132,SPS,Swasta,Kp.Cicurug RT.002 RW.017,Sirnajaya,Gununghalu,-7.015989100000,107.279350000000,16,17,33,1,1
SPS TAAM AL MARDIYAH,69891588,SPS,Swasta,KP. TIPAR TIMUR RT.03 RW.01,Laksanamekar,Padalarang,-6.805907000000,107.479301500000,7,5,12,1,1
SPS TAAM AL MUBAROK,69924107,SPS,Swasta,Kp. Cikawati RT.02 RW.06,Pakuhaji,Ngamprah,-6.852201000000,107.530386000000,10,8,18,1,2
SPS TAAM AL MUJTABA,69891592,SPS,Swasta,KP. SUDIMAMPIR POJOK RT.03 RW.13,Cempakamekar,Padalarang,-6.811000000000,107.459600000000,17,9,26,3,2
SPS TAAM AL MUTTAQIN,69932971,SPS,Swasta,Kp. Kebonhui  Rt.03/03,Cigugur Girang,Parongpong,-6.823855000000,107.590668000000,12,15,27,3,2
SPS TAAM AL QOMAR,69836249,SPS,Swasta,BLOK RANCA RT. 06 / II,Batujajar Barat,Batujajar,-6.910800000000,107.511000000000,14,13,27,2,1
SPS TAAM AL-BARQI,69836261,SPS,Swasta,KP. WARUNG JAMBE RT.03 RW.10,Rajamandala Kulon,Cipatat,-6.826131000000,107.348313000000,29,25,54,4,1
SPS TAAM Ar-rahman,69836192,SPS,Swasta,Kp. Salakopi RT.05 RW.05,Cihampelas,Cihampelas,-6.935000000000,107.497000000000,15,11,26,2,0
SPS TAAM AT TAQWA,69924110,SPS,Swasta,Jl. Ngamprah Kaler 01/09,Ngamprah,Ngamprah,-6.861449000000,107.513898000000,14,13,27,3,0
SPS TAAM AT TAQWA,69836251,SPS,Swasta,HAURNGAMBANG,Batujajar Timur,Batujajar,-6.910780000000,107.510981000000,23,24,47,3,1
SPS TAAM AT TAQWA AL MUSRI,69933230,SPS,Swasta,Kp. Cijengkol Rt.01 RW 08,Baranangsiang,Cipongkor,-6.931315100000,107.376730900000,21,16,37,2,2
SPS TAAM DARUL MUHSININ,69920295,SPS,Swasta,Jl. Raya Bukit Permata Rt.06/22,Cilame,Ngamprah,-6.810272800000,107.507401200000,6,13,19,2,3
SPS TAAM MAHABBAH,69935850,SPS,Swasta,Kp. Saar Mutiara Rt. 04 Rw.07,Karangtanjung,Cililin,-6.948700000000,107.466900000000,28,26,54,3,2
SPS TAAM MANBAURROSYAD,70025673,SPS,Swasta,KP PASIR PAKU RT 02 RW 11,Giriasih,Batujajar,6.905463200000,107.501419700000,10,14,24,2,2
SPS TAAM MUTIARA BARU,69937833,SPS,Swasta,Kp. Baru Rt. 01/01 No. 23,Cigugur Girang,Parongpong,-6.808473000000,107.586982000000,6,9,15,1,1
SPS TAAM NURUL QOMAR,69836257,SPS,Swasta,KP. SUKAMANAH RT.02.RW.02,Pangauban,Batujajar,-6.892539200000,107.481335500000,21,18,39,3,1
SPS TAAM NURUL WASILAH,69931980,SPS,Swasta,kp.kupanenggang RT. 02/04,Girimukti,Cipongkor,-6.986963000000,107.364279000000,0,0,0,1,1
SPS TAAM THORIQUL HUSNA,70025675,SPS,Swasta,Kp. Gunung Leutik RT 003 RW 012,Batujajar Timur,Batujajar,.000000000000,.000000000000,21,10,31,4,2
SPS TAMISA,69922740,SPS,Swasta,Jl. Pongpok Rt.02 Rw.05,Karyamukti,Cililin,-6.944555200000,107.406057900000,22,26,48,3,0
SPS TERATAI,69836195,SPS,Swasta,Kp.AWILARANGAN RT. 07 RW. 07,Mekarmukti,Cihampelas,-6.950308800000,107.504475900000,22,18,40,4,1
SPS TSABITUL AZMI MELATI XIV,69836346,SPS,Swasta,BARULAKSANA RT 03 RW  14,Jayagiri,Lembang,-6.770067600000,107.601668000000,15,20,35,3,2
SPS TULIP,69836174,SPS,Swasta,JL. Balakasap RT.04 RW.03,Pataruman,Cihampelas,-6.928707700000,107.493700700000,12,25,37,2,1
SPS TUNAS BANGSA,69891562,SPS,Swasta,KP.CANGKUANG RT 04 RW 02,Karanganyar,Cililin,-6.935100000000,107.389400000000,25,41,66,4,1
SPS TUNAS BUNISARI,69836293,SPS,Swasta,JL.BUNISARI RT.05 RW.05,Gadobangkong,Ngamprah,-6.871360000000,107.514285000000,23,26,49,2,1
SPS TUNAS HARAPAN,69891557,SPS,Swasta,Jl. Cikadu RT. 04/011,Cikadu,Sindangkerta,-7.015954200000,107.440208500000,21,16,37,2,2
SPS TUNAS HARAPAN II,69920415,SPS,Swasta,Kp. Padasuka RT.04 RW.05,Cibedug,Rongga,-6.978778400000,107.258533800000,23,26,49,6,1
SPS TUNAS INSANI,70052893,SPS,Swasta,Kp. Kadupugur RT.03 RW.11,Ganjarsari,Cikalongwetan,.000000000000,.000000000000,8,6,14,1,0
SPS TUNAS MANDIRI,69836278,SPS,Swasta,Jl. GA Manulang,Padalarang,Padalarang,-6.801617600000,107.465532900000,8,12,20,4,1
SPS TUNAS MEKAR,69836402,SPS,Swasta,"GUDANG, RT. 04 / 04",Ciptagumati,Cikalongwetan,-6.765759800000,107.522039600000,25,14,39,1,1
SPS Tunas Uar,69891560,SPS,Swasta,Kp. Cipadawaras,Pasirpogor,Sindangkerta,-6.980700000000,107.394000000000,23,17,40,3,1
SPS WILADATUL BINA,69836209,SPS,Swasta,KP. PANGKALAN RT02/05,Girimukti,Cipongkor,-6.946814800000,107.388655700000,15,16,31,3,1
SUMUR BANDUNG,69835857,KB,Swasta,JL. RAYA CILILIN,Cililin,Cililin,-6.939713400000,107.471613300000,0,0,0,null,null
TAAM AL IKHLAS,69975415,SPS,Swasta,Kp. Seketando Rt 02/14 Ds. Cangkorah,Cangkorah,Batujajar,-6.893958100000,107.484165700000,25,13,38,3,1
TAAM AL IKHLAS,69975423,SPS,Swasta,Kp. Cikawung 03/08 Ds. Sukamulya,Sukamulya,Cipongkor,-6.890132500000,107.342096100000,22,14,36,2,1
TAAM AL IKHWAN,69836298,SPS,Swasta,JL. HAJI GOPUR,Tanimulya,Ngamprah,-6.853209000000,107.525790000000,19,21,40,1,1
TAAM AL ISTIQOMAH,69974643,SPS,Swasta,Kp. Babakan,Cijambu,Cipongkor,-6.930953302767,107.331780195236,20,14,34,3,1
TAAM AL MUCHLISIN,69975416,SPS,Swasta,Kp. Jalantir Rt 02/14 Ds. Selacau,Selacau,Batujajar,-6.915877700000,107.497161000000,18,17,35,1,1
TAAM AL MUHAJIRIN,69891513,KB,Swasta,BLOK SINARJAYA RT. 06 / 16,Batujajar Barat,Batujajar,-6.923800000000,107.495500000000,14,6,20,2,1
TAAM BUSTANUL HIDAYAH,69835983,KB,Swasta,CIPEUNDEUY,Cipeundeuy,Padalarang,-6.855651000000,107.498128000000,9,6,15,0,1
TAAM DAARUL BAROKAH,69975418,SPS,Swasta,Kp. Cihurip Rt 01/12 Ds. Cihurip,Pangauban,Batujajar,-6.899800000000,107.440200000000,6,14,20,3,1
TAAM DAARUL QURAN,69967351,SPS,Swasta,Kp. Campaka Rt 01 Rw 12,Pakuhaji,Ngamprah,-6.820157000000,107.545690000000,9,6,15,1,1
TAAM DARUL HUDA,69968675,SPS,Swasta,Kp. Ciburial Rt 04 Rw 09 Ds. Margajaya,Margajaya,Ngamprah,-6.849079000000,107.504267000000,5,10,15,2,1
TAAM NURUL HUDA AL MUSRI,69975419,SPS,Swasta,Kp. Cikawung 03/02 Ds. Baranangsiang,Baranangsiang,Cipongkor,-6.935786600000,107.359791500000,30,31,61,4,2
TAAM NURUL UKHUWAH,69984034,SPS,Swasta,KP. KARYAWANGI RT 03 RW 06,Karyawangi,Parongpong,-6.730064700000,107.578072300000,30,28,58,4,1
TAAM Nurul Wasilah,69961859,SPS,Swasta,Kp. Tanjungwangi Rt/Rw 01/08 Ds. Cicangkanggirang Kec. Sindangkerta Kab. Bandung,Cicangkang Girang,Sindangkerta,-7.003088000000,107.374299000000,23,13,36,1,1
TK ABDI AL BARRY,70062670,TK,Swasta,Kp. Pasirpogor Rt. 003 Rw. 001,Puncaksari,Sindangkerta,.000000000000,.000000000000,0,0,0,0,1
TK AD DAHLANIYAH,70055620,TK,Swasta,Kp. Cimanggu RT. 002 RW. 013,Sukaresmi,Rongga,.000000000000,.000000000000,1,0,1,1,1
TK ADZIKRA,69971744,TK,Swasta,PERUM PESONA PRIMA CITAPEN BLOK B1 NO.48 RT 01 RW 08,Citapen,Cihampelas,-6.932000000000,107.491300000000,22,18,40,2,2
TK AL AMIN,20267547,TK,Swasta,JL. SOMAWINATA NO. 05 RT.03/07,Tanimulya,Ngamprah,-6.836715700000,107.529658800000,21,14,35,2,1
TK AL AZHAR SYIFA BUDI PARAHYANGAN,20267428,TK,Swasta,Jl. Raya Cimareme No.340,Cimareme,Ngamprah,-6.860043000000,107.500094000000,46,53,99,7,1
TK AL BAROKAH,69872170,TK,Swasta,JL.NYAMPAY NO.5,Karyawangi,Parongpong,-6.781780000000,107.593817000000,14,14,28,2,1
TK AL BAROKAH,69891453,TK,Swasta,Kp. Pasirnangka RT.04 RW.04,Cikadu,Sindangkerta,-7.037093700000,107.419178800000,13,26,39,1,1
TK AL FALAH PERMATA,20267425,TK,Swasta,JL ZAMRUD 11 RT.03 RW.13,Tanimulya,Ngamprah,-6.862600000000,107.515700000000,51,40,91,8,2
TK AL INAYAH,20267431,TK,Swasta,JL. MARIBAYA TIMUR No.222 RT.01 RW.03,Cibodas,Lembang,-6.825100000000,107.674100000000,20,14,34,1,1
TK AL IRSYAD SATYA,20267433,TK,Swasta,"Jl. Raya Parahyangan KM 2,7 Kota Baru Parahyangan",Padalarang,Padalarang,-6.865140000000,107.477446000000,96,76,172,20,1
TK AL KHOIRIYAH,70060400,TK,Swasta,Jl. H. Gopur Kp. Cibuntu RT. 004 RW. 009,Cilame,Ngamprah,.000000000000,.000000000000,0,0,0,3,1
TK AL KHOSIM,69975585,TK,Swasta,Kp. Peusinghilir RT.001 RW.004,Sindangkerta,Sindangkerta,-6.979000000000,107.416200000000,11,8,19,3,2
TK AL MUAWANAH,69975583,TK,Swasta,Kp. Babakanjati RT.01 RW.07,Cicangkang Girang,Sindangkerta,-5.443757000000,114.421127000000,20,22,42,5,1
TK AL MUHAB,69946489,TK,Swasta,Kp. Sindangkerta Rt.05 Rw.02 Ds. Cintakarya Kec. Sindangkerta Kab. Bandung Barat,Sindangkerta,Sindangkerta,-6.981300000000,107.404400000000,19,38,57,4,1
TK AL MUJTAHIDIN,70063994,TK,Swasta,Cidadap,Padalarang,Padalarang,-6.840818096822,107.465574480593,0,0,0,1,0
TK AL MUSRI1,70062669,TK,Swasta,KP. KUBANG RT 003 RW 006,Puncaksari,Sindangkerta,.000000000000,.000000000000,0,0,0,null,null
TK AL PANKULI,69835751,TK,Swasta,JL. SARIWANGI RT.02/08,Sariwangi,Parongpong,-6.864235000000,107.570105000000,21,17,38,2,1
TK AL QOMARUN,70003497,TK,Swasta,KP. BABAKAN PARI RT 04 RW 05,Batujajar Timur,Batujajar,-6.912549000000,107.505795600000,0,0,0,null,null
TK AL RASYID,70050108,TK,Swasta,Kp. Neglasari RT. 003 RW. 006,Pasirpogor,Sindangkerta,.000000000000,.000000000000,14,13,27,2,2
TK AL ZHAFRAH,69996120,TK,Swasta,Perum Bumi Citra Indah Blok N7 RT.05 RW.06,Pataruman,Cihampelas,-6.943293400000,107.492554600000,16,19,35,4,2
TK AL-AKMAL,20267435,TK,Swasta,JL BATUJAJAR NO 389,Galanggang,Batujajar,-6.918200000000,107.491400000000,30,29,59,6,1
TK AL-HANIF,70042704,TK,Swasta,Kp. Warung Domba RT. 002 RW. 001,Mandalamukti,Cikalongwetan,.000000000000,.000000000000,0,0,0,1,1
TK AL-HASANAH,70028450,TK,Swasta,Kp. Pamucatan Rt.003 Rw.001,Gunungmasigit,Cipatat,.000000000000,.000000000000,12,14,26,3,1
TK AL-IKHLASH CIKAWUNG,69966935,TK,Swasta,Kp. Ciimba Rt.03 Rw.08,Sukamulya,Cipongkor,-6.958800000000,107.403400000000,18,16,34,2,1
TK AL-IKHWAN,69882683,TK,Swasta,Jl.Cimareme No. 290 B RT.04/01 Kec.Ngamprah,Cimareme,Ngamprah,-6.809900000000,107.507200000000,27,26,53,4,1
TK AL-LATIEF NURSALAM,69956362,TK,Swasta,Kp. Cihamirung No. 16 RT.005 RW.004,Mekarjaya,Cihampelas,-6.907508100000,107.441636800000,14,12,26,1,2
TK AL-MASRUROH,69872163,TK,Swasta,JL. PURWAKARTA KP. GEMBOL,Kertamulya,Padalarang,-6.839000000000,107.486300000000,12,6,18,3,0
TK Al-Mutadarisin,69835828,TK,Swasta,Sindangwargi,Cicangkang Girang,Sindangkerta,-6.994913600000,107.401167500000,26,19,45,3,2
TK ALAM AISYIYAH BUSTANUL ATHFAL LEMBANG,70062372,TK,Swasta,"Kavling Addanu, Jl. Cisaroni RT. 004 RW. 008",Cikahuripan,Lembang,.000000000000,.000000000000,0,0,0,2,1
TK ALIFYA,20267436,TK,Swasta,JL GUNUNG MASIGIT,Gunungmasigit,Cipatat,-6.831249000000,107.438537000000,50,39,89,7,1
TK ALIFYA 2,69891468,TK,Swasta,CIWALAHIR RT 01 RW 07,Cirawamekar,Cipatat,-6.838000000000,107.437900000000,0,0,0,null,null
TK ALIIFAH,20267437,TK,Swasta,Jl. Buni Asih RT.03 RW.10,Langensari,Lembang,-6.814616200000,107.672831000000,85,83,168,9,2
TK AMAL KELUARGA,69835750,TK,Swasta,Jl. Cigugur Girang No. 297,Cigugur Girang,Parongpong,-6.822271000000,107.579511800000,12,17,29,1,1
TK AMANAH,20279844,TK,Swasta,JL. BAKTI SEJATI NO.23 KP. BATUREOK  NO.23 RT.01 RW.09,Gudangkahuripan,Lembang,-6.820800000000,107.612200000000,24,18,42,2,1
TK AN - NUR,69891464,TK,Swasta,KP CIBODAS RT.04 RW.07,Pangauban,Batujajar,-6.903539000000,107.454374000000,26,26,52,3,1
TK AN NIDA,69835718,TK,Swasta,KP. SUKAGUNA RT.02  RW.07,Mekarjaya,Cihampelas,-6.917600000000,107.447700000000,21,24,45,3,1
TK ANAK CEMERLANG,70023712,TK,Swasta,Kp. Cibungur No 1 RT 003 RW 007,Sarinagen,Cipongkor,-6.935700000000,107.358200000000,14,15,29,2,1
TK ANANDA,69872162,TK,Swasta,Kp. Cihaliwung wetan Rt.01 Rw.08,Kertamulya,Padalarang,-5.433760000000,114.435396000000,6,12,18,3,1
TK ANGGREK,69917791,TK,Swasta,Kp. Tambakan RT.01 RT.04,Cipatik,Cihampelas,-6.949942500000,107.482325100000,64,46,110,4,1
TK ANGGREK UNGU,69836173,TK,Swasta,KP. PAOJAN RT 002 RW 010,Situwangi,Cihampelas,-6.943807500000,107.492957500000,25,30,55,3,1
TK AR RAZKY,70055630,TK,Swasta,Kp. Pasirkadu RT. 001 RW. 008,Mukapayung,Cililin,-6.984300000000,107.461800000000,8,12,20,2,1
TK AR ROHMAH,70048383,TK,Swasta,Blok Ranca RT. 003 RW. 002,Batujajar Barat,Batujajar,.000000000000,.000000000000,7,10,17,2,2
TK AR ROOFIAH,69873720,TK,Swasta,CIHAMPELAS RT. 05 / 04,Bojongkoneng,Ngamprah,-5.443869000000,114.426244000000,16,9,25,1,1
TK AR-RASYID,70031199,TK,Swasta,Kp. Liunggunung Rt.001 Rw.016,Gunungmasigit,Cipatat,.000000000000,.000000000000,6,9,15,2,1
TK ARRAHMAN,69835723,TK,Swasta,BABAKAN PARI RT 02/04,Batujajar Timur,Batujajar,-6.907800000000,107.504500000000,14,16,30,4,2
TK ARROHMAH AL BAROKAH,70058155,TK,Swasta,Kp. Cibeber Hilir RT. 001 RW. 004,Giriasih,Batujajar,.000000000000,.000000000000,0,0,0,5,2
TK ARSYAKAYLA,70038219,TK,Swasta,Kp. Sasak RT. 002 RW. 006,Cijenuk,Cipongkor,.000000000000,.000000000000,14,11,25,2,1
TK AS SALAAM,69917393,TK,Swasta,Kp. Cibogo No.17 Rt.05 Rw.04,Citatah,Cipatat,-6.834455000000,107.425807400000,33,29,62,3,1
TK AS SHULA,69970704,TK,Swasta,Kp. Malaka Jl. Raya Sindangkerta RT.001 RW.012,Sindangkerta,Sindangkerta,-7.031112500000,107.434067500000,15,16,31,1,1
TK ASH SHIDIQ,20267443,TK,Swasta,JL.TERS.SERSAN BAJURI,Cihideung,Parongpong,-6.832000000000,107.596100000000,24,25,49,2,1
TK ASH SHODIQIYYAH,20267446,TK,Swasta,BLOK BABAKAN SARI NO.53,Batujajar Barat,Batujajar,-6.917800000000,107.493700000000,33,25,58,3,1
TK ASHABUL KAHFI,20267445,TK,Swasta,JL PASIR PAKU,Giriasih,Batujajar,-6.906100000000,107.502500000000,24,21,45,2,1
TK ASSALAM,20267447,TK,Swasta,JL.CIGUGUR GIRANG NO.16A,Cigugur Girang,Parongpong,-6.838100000000,107.585500000000,27,25,52,6,1
TK ASSALAM,70011853,TK,Swasta,Kp. Cidadap RT. 02/05,Mekarwangi,Sindangkerta,-7.070800000000,107.382700000000,30,42,72,4,1
TK AT TAQWA,70055585,TK,Swasta,Kp. Haurngambang RT. 003 RW. 006,Batujajar Timur,Batujajar,-6.912300000000,107.510300000000,38,23,61,2,1
TK AT- TAUFIQ,69891467,TK,Swasta,KP KEBON KALAPA RT 02 RW 03,Cipatat,Cipatat,-6.823400000000,107.385000000000,26,32,58,3,1
TK BAABUSSALAM,70057939,TK,Swasta,Kp. kebon Kalapa No 56 RT 02 RW 02,Cimareme,Ngamprah,.000000000000,.000000000000,0,1,1,1,1
TK BAITUL MANSYURIN,70061806,TK,Swasta,Kp. Kancah RT.001 RW.013,Cihideung,Parongpong,.000000000000,.000000000000,0,0,0,1,0
TK Bella,70052890,TK,Swasta,Kp. Warungdomba RT.01 RW.05 Desa Mandalamukti,Mandalamukti,Cikalongwetan,.000000000000,.000000000000,2,7,9,0,1
TK BHINA SWAKARYA,69891514,TK,Swasta,KP.SEKETANDO DESA CANGKORAH,Cangkorah,Batujajar,-6.886000000000,107.472400000000,47,31,78,4,1
TK BINA BAKAT MANDIRI I,20267451,TK,Swasta,JL BUKANAGARA NO 8,Pagerwangi,Lembang,-6.823679200000,107.636790000000,14,13,27,2,1
TK BINA BAKAT MANDIRI II,20267452,TK,Swasta,JL.KOL.MASTURI NO. 14 RT.02 RW.06,Cikahuripan,Lembang,-6.817100000000,107.604500000000,36,21,57,2,1
TK BINA BANGSA ASH SHIDIQ,20267450,TK,Swasta,Kp. Cileutik Rt 04 Rw 17,Mukapayung,Cililin,-6.980826600000,107.438993500000,17,14,31,2,2
TK BINA IHSANI,70063670,TK,Swasta,Kp. Buninagara RT. 005 RW. 002,,Sindangkerta,.000000000000,.000000000000,0,0,0,null,null
TK BINA INSAN MANDIRI,69967851,TK,Swasta,Kp. Ciwantani Rt.05/ Rw.17,Cilame,Ngamprah,-6.833494500000,107.520653800000,26,21,47,2,1
TK BINA INSAN QURANI,69993037,TK,Swasta,PERUM ALAM SANGGAR INDAH CLUSTER KEMUNING 64 NO.8,Citapen,Cihampelas,-6.942800000000,107.492300000000,23,22,45,2,1
TK BINA INSANI,20267453,TK,Swasta,JL DAM SAGULING Ds. Saguling,SAGULING,Saguling,-6.893300000000,107.362400000000,10,13,23,2,2
TK BINA MANDIRI II,20267454,TK,Swasta,PPI Blok A3 Jl. Anis No.10-11 RT.02 RW.22,Padalarang,Padalarang,-6.848500000000,107.476800000000,7,7,14,1,1
TK BPP CITRA RESMI III,20267459,TK,Swasta,"Jl. Raya Lembang km,12 ,6  Kp. Cihideung RT.04 RW.04",Gudangkahuripan,Lembang,-6.833577000000,107.604185000000,7,2,9,1,1
TK BUKIT PERMATA,20267460,TK,Swasta,Jl. Sumur Bor Rt.01/04,Cilame,Ngamprah,-6.855450000000,107.513148000000,13,13,26,2,1
TK BUNDA FLORIA,70031498,TK,Swasta,Jl. Pangkalan No.03 RT.001 RW.010,Sariwangi,Parongpong,.000000000000,.000000000000,44,30,74,9,1
TK BUNDA LIA INSIDI,20267461,TK,Swasta,Jl. Cimerang No. 24  RT 01  RW 05,Cimerang,Padalarang,-5.443800000000,114.421100000000,14,17,31,2,1
TK BUNGA ANGGREK,20267462,TK,Swasta,JL BARU ADJAK,Lembang,Lembang,-6.818589000000,107.616513000000,33,32,65,3,1
TK BUSTANUL ARIFIN,69891454,TK,Swasta,Kp. Sukamanah RT.01 RW.03,Cicangkang Girang,Sindangkerta,-6.998300000000,107.385700000000,30,35,65,6,1
TK CAHAYA MENTARI,70053439,TK,Swasta,Kp. Cicadas RT. 001 RW. 005,Cicadas,Rongga,.000000000000,.000000000000,17,12,29,5,1
TK CAHAYA PERMATA,20267465,TK,Swasta,Jl. Topaz No. 28-30 Permata Cimahi,Tanimulya,Ngamprah,-6.834442100000,107.502361100000,4,9,13,2,2
TK CAHAYA TUNAS BANGSA,70036058,TK,Swasta,Jl. Karyawangi No. 81 RT 001 RW 007,Ciwaruga,Parongpong,-6.813976600000,107.578180900000,22,24,46,5,1
TK CALLISTA FAIHA OLIVIA,70033988,TK,Swasta,Kp. Parongpong No.10 RT 005 RW 011,Karyawangi,Parongpong,-6.805700000000,107.582700000000,28,17,45,3,1
TK CERDAS CENDEKIA,70000563,TK,Swasta,Komp. Bumi Sariwangi 2 No.8,Sariwangi,Parongpong,-6.863800000000,107.568000000000,10,24,34,3,3
TK CERIA SILIH ASIH,70031425,TK,Swasta,Perum Pangauban Silih Asih Blok Q No. 23 RT 001 RW 006,Pangauban,Batujajar,-6.900400000000,107.458200000000,56,48,104,7,1
TK CIPTA MULIA,69872155,TK,Swasta,PERUM SAGITARIUS NO A-9 RT 02 RW 14,Ciptaharja,Cipatat,-6.794956800000,107.409173300000,3,6,9,2,2
TK CIPTA PARAMARTA PARAHYANGAN,69872158,TK,Swasta,PERUM BATUJAJAR REGENCY BLOK N.50,Laksanamekar,Padalarang,-6.821428500000,107.473685400000,18,12,30,2,1
TK DAARUL FIKRI,69835753,TK,Swasta,KOMP. CIBALIGO PERMAI JL. DAARUL FIKRI NO 2,Cihanjuang,Parongpong,-6.856951400000,107.571008800000,17,17,34,5,2
TK DAARUS SA ADAH,69835752,TK,Swasta,JL. CIHANJUANG NO. 103,Cihanjuang,Parongpong,-6.852064000000,107.568606000000,32,26,58,9,2
TK DARUL AFKAR,70038892,TK,Swasta,Kp. Pareang Kolot Rt.002 Rw.004,Mandalasari,Cipatat,.000000000000,.000000000000,19,6,25,1,1
TK DARUL JAMAN,69964070,TK,Swasta,Kp. Citaragtag Rt.01/13,Mukapayung,Cililin,-6.938178000000,107.398657400000,15,7,22,1,2
TK DARUL MUTAALLIMIN,70053555,TK,Swasta,Kp. Cirawa RT. 004 RW. 004,Sirnagalih,Cipongkor,-6.908600000000,107.321700000000,16,8,24,2,1
TK DEWI SARTIKA,20267467,TK,Swasta,JL NANGGELENG-SIRNARAJA KP. CINANGSI RW. 07 DESA NANGGELENG,Nanggeleng,Cipeundeuy,-6.780500000000,107.357600000000,5,8,13,1,1
TK ELEKTRIKA,20267468,TK,Swasta,JL BASE CAMP CIRATA,Ciroyom,Cipeundeuy,-6.703587000000,107.352551000000,42,23,65,3,2
TK ESA AL-FAKHRIYAH,69989303,TK,Swasta,KP. BABAKAN LOA RT.03 RW.08,Padalarang,Padalarang,107.469700000000,.000000000000,10,6,16,2,2
TK FAMILY,20267469,TK,Swasta,"Jln. Perkebunan Pangheotan, Kp. Cikurutug RT 01 RW 12",Cempakamekar,Padalarang,-6.806900000000,107.465500000000,21,10,31,4,2
TK FIRDAUS,69975892,TK,Swasta,JL. RAYA LEMBANG KM 13.1 KP. ANDIR RT 03 RW 06,Gudangkahuripan,Lembang,-6.793781200000,107.609937700000,49,38,87,3,1
TK FIRDAUS PERCIKAN IMAN,20267470,TK,Swasta,Jl. Bukit Firdaus No. 9 RT.07 RW.08,Ciwaruga,Parongpong,-6.859400000000,107.579000000000,50,43,93,9,2
TK FITHRAH AULADI,69835744,TK,Swasta,PERUM ITB BUKIT RAHMAH PERMAI BLOK D 19 RT.05/02,Cilame,Ngamprah,-6.833700000000,107.495300000000,9,4,13,2,1
TK FUN KIDS,69891477,TK,Swasta,"Perumahan Puri Budi Asri Blok C Nomor 6-7, Kabupaten Bandung Barat",Cihanjuang,Parongpong,-6.853067000000,107.571502000000,26,25,51,3,1
TK GRAHA ANANDA,20267471,TK,Swasta,Komplek Graha Bukit Raya Blok F VII No. 35-36 Rt.03/21,Cilame,Ngamprah,-6.852953000000,107.521921000000,6,5,11,3,2
TK HANDAYANI,69835713,TK,Swasta,Kp. Sukaratu RT.03 RW.02,Celak,Gununghalu,-7.010700000000,107.342600000000,7,6,13,5,1
TK HANJUANG,69835755,TK,Swasta,KOMP. CIBALIGO PERMAI,Cihanjuang,Parongpong,-6.857700000000,107.568500000000,0,2,2,1,1
TK HARAPAN IBU,20267473,TK,Swasta,Jl. Cipanjak  RT. 04/XI Ds. Cigugur,Ciwaruga,Parongpong,-6.846165000000,107.583969000000,30,18,48,2,1
TK HARAPAN IBU,20267474,TK,Swasta,Jl. Gadobangkong No. 167,Cimareme,Ngamprah,-6.856953900000,107.529987000000,25,22,47,2,1
TK I ASY-SYIFA,20267552,TK,Swasta,ISTIQOMAH,Kertamulya,Padalarang,-6.842664000000,107.483368000000,31,24,55,4,1
TK I SITI KHADIJAH,20267553,TK,Swasta,Jl. Orion No. 461 Padalarang,Kertajaya,Padalarang,-6.848600000000,107.491000000000,14,20,34,2,1
TK INJA,20267475,TK,Swasta,Kp. CIBUNGUR  RT 01 RW 10,Batujajar Timur,Batujajar,-6.911900000000,107.498500000000,20,17,37,1,0
TK INKLUSI UMI HAMZAH,70063995,TK,Swasta,Komplek Bumi Citra Indah 2 Blok K8 No. 33-34 RT. 0 RW. 010,,Cihampelas,.000000000000,.000000000000,0,0,0,1,1
TK INSAN CENDIKIA,20267476,TK,Swasta,JL GALANGGANG,Galanggang,Batujajar,-6.906811900000,107.458381800000,6,4,10,2,0
TK INSAN KAMIL,70053682,TK,Swasta,Puri Indah Cihampelas Blok I1 No. 27 RT. 003 RW. 005,Citapen,Cihampelas,.000000000000,.000000000000,22,6,28,4,1
TK ISLAM AL FATAH,69972819,TK,Swasta,KP. CIPTAKARYA RT.08 RW.07,Laksanamekar,Padalarang,-6.883100000000,107.507800000000,33,27,60,4,1
TK ISLAM AN-NABILLAH,20267551,TK,Swasta,JL Raya Ciburuy No.770/244,Ciburuy,Padalarang,-6.836300000000,107.471800000000,29,54,83,6,1
TK ISLAM ARAFAH,20267477,TK,Swasta,JL PASIR JATI,Mukapayung,Cililin,-6.984011000000,107.432814000000,18,13,31,3,2
TK ISLAM ASY SYAMSU,69975584,TK,Swasta,Kp. Gandok RT.04 RW.01,Cikadu,Sindangkerta,-7.053705600000,107.401827500000,15,19,34,3,1
TK ISLAM AULIA AS SALAM,69891474,TK,Swasta,JL. H. Gophur Rt.02 Rw.03 No.32 Ds. Tanimulya Kecamatan Ngamprah,Tanimulya,Ngamprah,-6.823076000000,107.502179000000,18,8,26,1,1
TK ISLAM AZ-ZAHRA,69958585,TK,Swasta,Jalan Tegallaja Rt.01 Rw.06,Sukatani,Ngamprah,-6.857918000000,107.510490000000,18,16,34,3,1
TK ISLAM BAIT AL HIKMAH,20267448,TK,Swasta,JL RAYA GADO BANGKONG NO.112,Gadobangkong,Ngamprah,-6.829559500000,107.502658900000,23,10,33,4,1
TK ISLAM BANURAJA,20267478,TK,Swasta,JL BANURAJA,Pangauban,Batujajar,-6.901700000000,107.447100000000,14,18,32,2,1
TK ISLAM BINA INSAN,20267479,TK,Swasta,KP.KEPUH RT 02/10,Padalarang,Padalarang,-6.845256000000,107.468212000000,3,4,7,2,1
TK ISLAM CENDEKIA GEMILANG,70031202,TK,Swasta,Jl. Cempaka Rt.003 Rw.003,Cimareme,Ngamprah,-6.861000000000,107.506100000000,17,15,32,4,3
TK ISLAM NUURUSY-SYIFA,69835732,TK,Swasta,CIJEUNGJING GG. KUPA,Kertamulya,Padalarang,-6.844304000000,107.485149000000,17,23,40,2,1
TK ISLAM TERPADU BAITUL MUBAROKAH,70043978,TK,Swasta,Jl. Blok Sinarjaya RT. 005 RW. 016,Batujajar Barat,Batujajar,-6.919800000000,107.495200000000,5,4,9,0,1
TK ISLAM TERPADU DARUSSALAM,70061117,TK,Swasta,Komplek Pondok Hijau Indah Blok G No. 1-2 RT. 002 RW. 010,Ciwaruga,Parongpong,.000000000000,.000000000000,0,0,0,1,0
TK ISLAM TERPDU AL- AMANAH,20267427,TK,Swasta,KP. CIBOGO RT.01 RW.11,Cibogo,Lembang,-5.443757000000,114.421127000000,34,30,64,3,2
TK ISLAM WALADUN SHOLIH,20267556,TK,Swasta,JL JAYAGIRI II NO.37 RT.02 RW.15,Jayagiri,Lembang,-6.809000000000,107.619600000000,0,0,0,1,1
TK IT Al Barkah Khoiriyah,70060280,TK,Swasta,Jln. Ngamprah Kidul RT.001 RW.003,Ngamprah,Ngamprah,.000000000000,.000000000000,0,0,0,1,2
TK IT AL ZAFIR,70044051,TK,Swasta,Kp. Pasir Astana RT. 002 RW. 003,Cangkorah,Batujajar,-6.891300000000,-252.510200000000,22,21,43,3,1
TK IT AYA SOFYA,70036846,TK,Swasta,Kp. Cisalasih Rt. 01 Rw. 10,Cikidang,Lembang,.003900000000,.000200000000,14,17,31,3,2
TK IT Fitrah Insani,70054674,TK,Swasta,Kp. Pojok RT.002 RW.012,Tanimulya,Ngamprah,.000000000000,.000000000000,33,25,58,4,2
TK IT ROHMATUL HUDA,70061691,TK,Swasta,Jl. Cijamil RT. 001 RW. 016,Cilame,Ngamprah,.000000000000,.000000000000,0,0,0,5,0
TK IT SMART KIDS,69971314,TK,Swasta,JL. PIRUS RAYA NO. 1 RT.01 RW.29,Padalarang,Padalarang,-6.845069800000,107.467533200000,15,25,40,4,1
TK IT THORIQUSSALAM,70034186,TK,Swasta,Kp. Sadang RT 03 / RW. 09,Cikidang,Lembang,.000000000000,.000000000000,16,17,33,4,1
TK KARAKTER SABILUL ILMY,69990618,TK,Swasta,Jl. GA Manulang No.65A Kp. Sudimampir RT.06 RW.03,Padalarang,Padalarang,-6.823363000000,107.459701300000,31,36,67,6,1
TK KARTIKA VIII-25,20267482,TK,Swasta,Jl. Gunung Gede No.2 Pusdikav RT.003 RW.004,Jayamekar,Padalarang,-6.852800000000,107.470900000000,71,48,119,9,1
TK KARTIKA X - 3,69835758,TK,Swasta,JL. KOLONEL MASTURI KOMPLEK DENKAVKUD RT 02/11 KECAMATAN PARONGPONG,Karyawangi,Parongpong,-6.802900000000,107.583400000000,51,46,97,6,1
TK KARTIKA XIX 42,20267480,TK,Swasta,JL TANGKUBAN PERAHU NO 224,Cikole,Lembang,-5.443757000000,114.421127000000,11,9,20,2,1
TK KARTIKA XV 5,20267483,TK,Swasta,JL PARAYUDA  N0  4,Galanggang,Batujajar,-6.915400000000,107.494400000000,68,69,137,7,1
TK KARTINI,69976680,TK,Swasta,KP. NAGROG RT.01 RW.07,Cilangari,Gununghalu,-7.038300000000,107.228400000000,15,15,30,3,1
TK KARUNIA SEJATI,70035892,TK,Swasta,Kp. Cipeundeuy No.17 Rt.001 Rw.004,JATI,Saguling,-6.892736700000,107.392415700000,5,3,8,3,0
TK KARYA ANUGRAH,69973660,TK,Swasta,KP CINANGKA RT.01 RW.09,Margalaksana,Cipeundeuy,-6.726600000000,107.339700000000,26,13,39,2,0
TK KASIH IBU,69835738,TK,Swasta,JL. H GHOFUR NO. 18 RT. 05/IV,Tanimulya,Ngamprah,-6.834974100000,107.528215100000,1,1,2,2,1
TK KEMALA BHAYANGKARI 19,20267485,TK,Swasta,JL BHAYANGKARA II,Lembang,Lembang,-6.816500000000,107.614800000000,22,21,43,2,1
TK KEMALA BHAYANGKARI 47,69835759,TK,Swasta,Jl. Kol Masturi 110 SPN Cisarua,Jambudipa,Cisarua,-6.813400000000,107.551100000000,28,31,59,3,1
TK KEMALA BHAYANGKARI 48,20267486,TK,Swasta,JL.MARIBAYA NO 53 Rt.02 Rw.05  Kayuambon Lembang,Kayuambon,Lembang,-6.817800000000,107.633500000000,68,62,130,5,1
TK KENANGA,20267487,TK,Swasta,Jl. Melati Blok D No.9 - 11 Komplek Baloper,Padalarang,Padalarang,-6.842800000000,107.476400000000,8,6,14,3,3
TK KENARI,20267488,TK,Swasta,PTPN VIII MONTAYA,Cibedug,Rongga,-7.005100000000,107.261200000000,34,22,56,2,2
TK KHOIRUR ROOZIQIIN MONTESSORI,70055615,TK,Swasta,Jl. Raya Cimareme No. 256 RT. 001 RW. 002,Cimareme,Ngamprah,.000000000000,.000000000000,21,4,25,3,1
TK KINDERDORF,69872172,TK,Swasta,JL PENEROPONGAN BINTANG,Lembang,Lembang,-6.824171000000,107.619216000000,16,13,29,3,1
TK KINDERLAND PRESCHOOL,70060737,TK,Swasta,Jl. Gelap Nyawang Kav. 5a Kota Baru Parahyangan,Cipeundeuy,Padalarang,.000000000000,.000000000000,0,0,0,null,null
TK KINDLY KINDERGARTEN,70056837,TK,Swasta,Kota Bali Residence Blok A No. 2 RT. 002 RW. 023,Kertajaya,Padalarang,.000000000000,.000000000000,8,5,13,1,1
TK KRISTEN GIRI ASIH,20279846,TK,Swasta,JL. JAYAGIRI NO.8A  RT.04 RW.11,Jayagiri,Lembang,-6.806700000000,107.619600000000,12,3,15,1,1
TK KURNIA ILLAHI,20267489,TK,Swasta,KP.BABAKAN KURNIA RT 01 RW 11,Mandalawangi,Cipatat,-6.814126000000,107.401683000000,10,14,24,3,1
TK LAYYINA,69835743,TK,Swasta,"GBR I G-1 NO. 1, 11",Cilame,Ngamprah,-6.864862000000,107.508107600000,11,6,17,6,1
TK LUTHFIYYAH,69944372,TK,Swasta,Kp. Cipameutingan Rt.02 Rw.07 Ds Cilame Kec. Ngamprah Kab. Bandung Barat,Cilame,Ngamprah,-6.847900000000,107.511200000000,24,21,45,4,0
TK MANDALA KENCANA,20267491,TK,Swasta,JL.PABUARAN NO 5,Mandalawangi,Cipatat,-6.834300000000,107.329900000000,6,11,17,1,1
TK MELATI,20267492,TK,Swasta,JL GUNUNG HALU,Gununghalu,Gununghalu,-7.026900000000,107.312900000000,23,17,40,1,1
TK MELATI,69917793,TK,Swasta,Kp. Cibinong RT.01 RW.01,Tanjungwangi,Cihampelas,-6.952400000000,107.483900000000,32,19,51,4,1
TK MENARA,20267494,TK,Swasta,Kp. Babakan Garut Rt.02 Rw.11,Mekarsari,Ngamprah,-6.848800000000,107.508400000000,27,13,40,4,1
TK MENTARI BUNDA,69872173,TK,Swasta,"JL.Kolonel Masturi, Kp. Kramat RT.02 RW.07",Cikahuripan,Lembang,-6.820176000000,107.605006000000,31,23,54,4,1
TK MENTARI HATI,20267496,TK,Swasta,Jl.Cihanjuang Rahayu No.307,Cihanjuang Rahayu,Parongpong,-6.807659000000,107.577664000000,43,31,74,3,2
TK MERAH PUTIH,20279842,TK,Swasta,KP. CIANCA RT.02 RW.07,Cisomang Barat,Cikalongwetan,-6.719500000000,107.457000000000,21,23,44,1,2
TK MIFTAHUL HUDA,70062511,TK,Swasta,Kp. Ciburial RT. 004 RW. 010,Margajaya,Ngamprah,.000000000000,.000000000000,0,0,0,1,2
TK MIFTAHUL MUBIN,70061699,TK,Swasta,Kp. Cidahu RT. 002 RW. 003,Sarinagen,Cipongkor,.000000000000,.000000000000,0,0,0,0,3
TK MUFID,20267497,TK,Swasta,KOMP. GRAHA BUKIT RAYA 3.A 5 NO 26,Cilame,Ngamprah,-6.849500000000,107.518300000000,25,12,37,2,1
TK MUFID 2,69872166,TK,Swasta,Komplek Taman Bunga Cilame Blok C2 No. 3,Cilame,Ngamprah,-6.870171600000,107.516130400000,4,7,11,1,2
TK MUHAIMAH,20267498,TK,Swasta,BLOK WARUNG PULUS,Batujajar Barat,Batujajar,-6.918800000000,107.485100000000,26,24,50,3,2
TK MUKHTARUL UMMAH,69956293,TK,Swasta,Jalan Cihampelas No. 43 Cipanji Rt.01 Rw.01,Cihampelas,Cihampelas,-6.935415000000,107.489286000000,23,23,46,2,1
TK MUSTIKA,20267501,TK,Swasta,JL. MARIBAYA NO.140,Langensari,Lembang,-6.825200000000,107.641400000000,62,48,110,6,1
TK MUSTIKA,20267502,TK,Swasta,Jl. Raya Purwakarta No.207 Cikamuning Rt.01 Rw.20,Ciburuy,Padalarang,-6.871588700000,107.480525300000,19,16,35,3,1
TK MUSTOPA AL MAJIDU,69922747,TK,Swasta,Kp. Simpang Rt.01/03,Bunijaya,Gununghalu,-7.028090700000,107.252677700000,16,17,33,1,1
TK MUTIARA,69971742,TK,Swasta,Perumahan Nuansa Bukit Cihampelas RT.002 RW.012,Singajaya,Cihampelas,-6.973179100000,107.503599900000,31,18,49,2,1
TK MUTIARA,20267503,TK,Swasta,KP. BARUNAGRI RT.02 RW.03,Sukajaya,Lembang,-6.803900000000,107.602300000000,20,18,38,3,1
TK MUTIARA BUNDA,70023541,TK,Swasta,Perumahan Bumi Cempaka Asri Blok L1 No.1 RT 03 RW 25,Cempakamekar,Padalarang,.000000000000,.000000000000,20,19,39,3,1
TK MUTIARA HATI,70055619,TK,Swasta,Kp. Bojong Koneng RT. 004 RW. 002,Cibedug,Rongga,.000000000000,.000000000000,10,13,23,4,1
TK MUTIARA IBU,69835736,TK,Swasta,JL. RAYA GADOBANGKONG NO 166 B  RT 04 RW 04,Gadobangkong,Ngamprah,-6.863935000000,107.513035000000,12,20,32,1,1
TK MUTIARA SUMURBANDUNG,70062224,TK,Swasta,KP SUMUR BANDUNG NO 005 RT 02/ RW 12,Sumurbandung,Cipatat,.000000000000,.000000000000,0,0,0,1,0
TK NAPISAH,70055621,TK,Swasta,Kp. Cigagak RT. 007 RW. 005,Baranangsiang,Cipongkor,-6.906900000000,107.350500000000,8,17,25,1,1
TK NEGERI CIHAMPELAS,70041180,TK,Negeri,Jl. Cicalengka No 1,Mekarmukti,Cihampelas,-6.929300000000,107.475700000000,28,34,62,5,1
TK NEGERI CILILIN,70040396,TK,Negeri,Jl. Cinta Karya No.65,Cililin,Cililin,-6.947500000000,107.458300000000,19,26,45,3,0
TK NEGERI NGAMPRAH,70041198,TK,Negeri,JL. INFANTRI REI Komp Cilame Permai,Cilame,Ngamprah,-6.859900000000,107.507300000000,12,24,36,4,0
TK NEO MAHARDIKA,69872161,TK,Swasta,jl. pasir gede rt/rw 03/03 ds. jayamekar,Padalarang,Padalarang,-6.847177000000,107.471593000000,25,18,43,1,2
TK NIAGARA,69835740,TK,Swasta,KOMPLEK PURI CIPAGERAN INDAH II BLOK D2 NO. 12A-15A,Tanimulya,Ngamprah,-6.859500000000,107.531100000000,30,43,73,4,2
TK NURANI,20267506,TK,Swasta,JL. PANORAMA II NO 2 RT.03 RW.11,Lembang,Lembang,-6.814900000000,107.620200000000,25,20,45,3,1
TK NURDZAKKY,69872177,TK,Swasta,BABAKAN MUNCANG RT 03 RW 12,Padaasih,Cisarua,-6.778691400000,107.538004700000,52,55,107,6,2
TK NURUL ALFIZAR,70044867,TK,Swasta,KP. CISALADAK RT.001 RW.003,Mekarsari,Cipongkor,.000000000000,.000000000000,0,0,0,null,null
TK NURUL FALAH,69882684,TK,Swasta,CINANGKA RT 02 RW 06,Rajamandala Kulon,Cipatat,-6.835846000000,107.353857000000,20,25,45,4,2
TK NURUL HIDAYAH,70055323,TK,Swasta,Kp. Babakan RT.03 RW.06,Cililin,Cililin,.000000000000,.000000000000,15,15,30,2,1
TK NURUL HUDA INSANI,69872157,TK,Swasta,KP SINGAPURA RT 01/RW 12,Sumurbandung,Cipatat,-6.844159600000,107.430752900000,47,42,89,6,3
TK NURUSSAADAH,20267509,TK,Swasta,Jl. PLTA Saguling Kp. Ciakar Rt 02/07 Ds.  Sarinagen,Sarinagen,Cipongkor,-6.936200000000,107.360200000000,11,12,23,5,0
TK NUSA INDAH,20267510,TK,Swasta,KP CEMPAKA RT.05 RW.01,Pataruman,Cihampelas,-6.941000000000,107.525800000000,41,30,71,4,1
TK NUURUL QAMAR AZZAHRA,69964835,TK,Swasta,KP CIKONDANG RT 01 RW 14,Kertamukti,Cipatat,-6.817663000000,107.378578000000,4,4,8,1,2
TK PARIKESIT,20267511,TK,Swasta,KOMP. PERMATA CIMAHI BLOK I NO. 02,Tanimulya,Ngamprah,-6.861105000000,107.516791000000,5,3,8,2,2
TK PATIMAH,20267512,TK,Swasta,Jl. Raya Rende RT.04 RW.01,Rende,Cikalongwetan,-6.785013400000,107.455511500000,17,14,31,3,2
TK PELITA BANGSA,69971869,TK,Swasta,PERUM ALAM SANGGAR INDAH LAVENDER 3,Citapen,Cihampelas,-6.943936000000,107.493153000000,17,14,31,3,1
TK PELITA HARAPAN BANGSA,20267515,TK,Swasta,Jl. GA Manulang Kp. Purabaya RT 01/RW 06,Jayamekar,Padalarang,-6.850800000000,107.469200000000,43,43,86,4,2
TK PELITA HATI,70042706,TK,Swasta,Kp. Rancapanggung RT. 004 RW. 008,Rancapanggung,Cililin,-6.983400000000,107.427500000000,9,8,17,3,1
TK PELITA INDONESIA,69892035,TK,Swasta,JL. RAYA LEMBANG NO.194,Gudangkahuripan,Lembang,-6.817600000000,107.613300000000,15,14,29,0,1
TK PERMATA,20267516,TK,Swasta,JL. MARIBAYA NO.64,Kayuambon,Lembang,-6.830600000000,107.727300000000,7,10,17,1,1
TK PERMATA BUNDA,20267517,TK,Swasta,GRIYA ASRI PAKUSARAKAN 2 A-23 RT.04 RW.25,Tanimulya,Ngamprah,-6.857600000000,107.533100000000,13,8,21,1,1
TK PERMATA BUNDA,69891458,TK,Swasta,BUDIGALIH,Tanjungjaya,Cihampelas,-6.923100000000,107.417900000000,31,26,57,2,2
TK PERMATA HATI,20267518,TK,Swasta,JL INTAN I BLOK  V6  NO. 03 KOMPLEK PERMATA CIMAHI,Tanimulya,Ngamprah,-6.841572700000,107.524157000000,19,19,38,5,2
TK PERMATA IBU,69872153,TK,Swasta,Kp.Cicalengka RT.03 RW.04,Mekarmukti,Cihampelas,-6.931213200000,107.468857200000,0,0,0,2,1
TK PERSADA,69872154,TK,Swasta,DUNGUSPURNA RT 1 RW 8,Galanggang,Batujajar,-6.918200000000,107.488300000000,17,27,44,3,2
TK PERTIWI,20267521,TK,Swasta,JL. RAYA SUKARAME NO. 177,Ciptaharja,Cipatat,-6.831800000000,107.367500000000,12,16,28,3,0
TK PERTIWI,20267519,TK,Swasta,Jl. Raya Cipeundeuy Kampung Margaluyu RT.02 RW.11,Cipeundeuy,Cipeundeuy,-6.725893000000,107.385101100000,14,17,31,2,1
TK PERTIWI,20267522,TK,Swasta,JL. WEDANA NO.113 RT.03 RW.01,Jayagiri,Lembang,-6.812026000000,107.621566000000,16,23,39,3,2
TK PERTIWI,20267520,TK,Swasta,JL RAYA CIKALONG WETAN,Cikalong,Cikalongwetan,-6.714225900000,107.443988800000,14,7,21,1,1
TK PGRI,20267524,TK,Swasta,JL. PASARRAYA PANORAMA NO.21,Lembang,Lembang,-6.816032000000,107.621984000000,11,15,26,1,1
TK PGRI DAHLIA,20267525,TK,Swasta,Jl. GUNUNG BENTANG,Jayamekar,Padalarang,-6.853100000000,107.458000000000,12,7,19,3,2
TK PLUS AL AZHAR,69835746,TK,Swasta,Jl. Terusan Sersan Bajuri Kp. Pasir Sereh Rt.01 Rw.09,Cihideung,Parongpong,-6.737569000000,107.589497800000,20,16,36,4,1
TK PLUS AL HIKMAH,69835737,TK,Swasta,Komp.TanimulyaJl.Botani No. 1  Rt.004/Rw.015,Tanimulya,Ngamprah,-6.860800000000,107.525800000000,38,38,76,4,1
TK PLUS AL QOMARIAH,69975893,TK,Swasta,JL. KOLONEL MASTURI KP. PAMECELAN RT 03 RW 04,Sukajaya,Lembang,-6.776522000000,107.659317800000,19,15,34,2,1
TK PLUS DARUL IHSAN,69835747,TK,Swasta,KP. SUKAMULYA RT. 02 / 03,Cihideung,Parongpong,-6.836911000000,107.591150000000,27,21,48,1,1
TK PLUS HASANATUL HUDA,69835716,TK,Swasta,Tangan-Tangan Rw. 16,Bongas,Cililin,-6.965000000000,107.430400000000,20,13,33,3,2
TK PLUS MUTIARA BUNDA,70050784,TK,Swasta,Jl. Datarmanggu RT. 003 RW. 010,Bongas,Cililin,.000000000000,.000000000000,18,9,27,0,1
TK PURI INSANI,69918034,TK,Swasta,Komp PURI INDAH LESTARI Rt 08 Rw 16,Batujajar Timur,Batujajar,-6.913126147732,107.504057134898,13,17,30,1,1
TK PURNAMA,69835748,TK,Swasta,Kp. Pamecelan RT.002 RW.006,Sukajaya,Lembang,-6.805844500000,107.596608700000,26,16,42,2,1
TK PUSPAWANGI,69872175,TK,Swasta,CICALUNG RT. 02 RW. 06,Wangunharja,Lembang,-6.812911000000,107.665640000000,18,19,37,2,1
TK PUTRA PERTIWI,20279843,TK,Swasta,Kp. Citespong Rt.02 Rw.02,Sukajaya,Lembang,-6.793806700000,107.608210100000,29,20,49,4,1
TK PUTRA SILIWANGI 1,20267529,TK,Swasta,KP. ARENG NO.117 RT.03 RW.08,Wangunsari,Lembang,-6.836700000000,107.615100000000,12,9,21,3,1
TK PUTRA SILIWANGI II,20267530,TK,Swasta,KP. CIJENGKOL RT.03 RW.02,Wangunsari,Lembang,-6.846541000000,107.608466000000,21,18,39,3,1
TK QANITAH,69835728,TK,Swasta,KP.KIARA RT.01 RW.12,Mandalawangi,Cipatat,-6.832600000000,107.339300000000,11,12,23,3,2
TK RAUDHATUL ULUM,20267532,TK,Swasta,JL GALANGGANG,Galanggang,Batujajar,-6.915000000000,107.483400000000,23,11,34,2,2
TK RIAN KUMARAJAYA,20267531,TK,Swasta,Jl. Gedong V Komplek Gedong X,Kertamulya,Padalarang,-6.844000000000,107.492200000000,25,16,41,2,1
TK RIYADLLUN NAJJAH,69835761,TK,Swasta,Kp. Cibolang RT.04 RW.10,Kertawangi,Cisarua,-6.835933800000,107.564336700000,35,26,61,2,2
TK RIYADUL JANNAH,69956363,TK,Swasta,Kampung Suramanggala Rt.08 Rw.01,Baranangsiang,Cipongkor,-6.918100000000,107.366400000000,18,12,30,5,0
TK ROOFID,69872169,TK,Swasta,CIHANJUANG RAHAYU,Ciwaruga,Parongpong,-6.807200000000,107.577100000000,8,8,16,2,1
TK RUBAIYAH SURAHMAN,69995926,TK,Swasta,Jl. raya PLTA Saguling (Kp. Sumur Kembang),Citalem,Cipongkor,-6.950800000000,107.381300000000,18,10,28,1,1
TK SAFIRA,20267533,TK,Swasta,KOMPLEK BUMI PAKUSARAKAN 2 BLOK G2 NO. 01,Tanimulya,Ngamprah,-6.858200000000,107.526400000000,12,8,20,1,1
TK SAHABAT MENTARI,69971741,TK,Swasta,JL. TANJUNGSARI RT 04 RW 09,Bongas,Cililin,-6.959529400000,107.420471600000,27,22,49,3,1
TK SATU ATAP CIPATIK,69891455,TK,Swasta,JL. RAYA CIPATIK,Cipatik,Cihampelas,-6.922854500000,107.417605100000,8,13,21,1,0
TK SATU ATAP MARGALUYU,69918382,TK,Swasta,Jl.Raya Citatah Km 30,Cipatat,Cipatat,-6.823649000000,107.400898000000,17,23,40,1,1
TK SATU ATAP SDN 1 CIBUNGUR,69891461,TK,Swasta,CIBUNGUR RT.01/10,Batujajar Timur,Batujajar,-6.911218000000,107.510780000000,0,0,0,null,null
TK SAWARGI,69975096,TK,Swasta,JL. SUDIMAMPIR RT 01 RW 17,Kertajaya,Padalarang,-6.859273100000,107.494110100000,4,5,9,1,1
TK SCHOOL GARDEN,70058199,TK,Swasta,Perum Taman Firdaus RT.003 RW.014,Pakuhaji,Ngamprah,.000000000000,.000000000000,10,10,20,4,1
TK SEHATI,69872178,TK,Swasta,Jl. Kol Masturi No.319 RT.02 RW.06,Kertawangi,Cisarua,-6.812351700000,107.524124500000,12,10,22,1,1
TK SELARAS,20267535,TK,Swasta,KP. CICARITA NO.68 RT.02 RW.17,Ciwaruga,Parongpong,-6.744144200000,107.573877500000,19,23,42,3,1
TK SIBYANUL AQWA,70060863,TK,Swasta,Kp. Cibungur RT. 001 RW. 010,Batujajar Timur,Batujajar,.000000000000,.000000000000,0,0,0,4,1
TK SITI AMINAH,20267536,TK,Swasta,JL  RAYA BATUJAJAR NO 223,Batujajar Timur,Batujajar,-6.915000000000,107.496400000000,21,27,48,4,1
TK SMART KIDS,69891475,TK,Swasta,JL PANORAMA RAYA PURI CIPAGERAN INDAH 2 BLOK D8 NO.5-6,Tanimulya,Ngamprah,-6.856922000000,107.529698000000,27,18,45,3,1
TK SPACETOON,69872176,TK,Swasta,Jl. Kol Masturi Kp. Gandrung No.01 RT.02 RW.10,Jambudipa,Cisarua,-6.812273500000,107.549031200000,52,44,96,6,1
TK STARLAND PRESCHOOL &amp; KINDERGARTEN,70063671,TK,Swasta,Jl. Setiabudi Regency No. G61 RT. 001 RW. 001,,Parongpong,.000000000000,.000000000000,0,0,0,null,null
TK SUMUR BANDUNG,20267539,TK,Swasta,JL  PASAR CILILIN,Cililin,Cililin,-6.938500000000,107.445800000000,21,22,43,3,0
TK SYIFAUL QOLBI,69835754,TK,Swasta,KP. KARANGSARI RT. 05 /03,Cihanjuang,Parongpong,-6.849968000000,107.573436000000,26,17,43,3,2
TK TAHFIDZ DARUL IHSAN,70002310,TK,Swasta,Perum Graha Kencana Batujajar Blok G1 RT. 01 RW. 17,Batujajar Timur,Batujajar,-6.917501300000,107.490072100000,25,18,43,2,4
TK TAHFIZH QURAN MQ,70031497,TK,Swasta,Jl. Sukamaju Barat No.129 RT.004 RW.014,Cibodas,Lembang,-6.824900000000,107.671100000000,29,20,49,4,2
TK TASDIQUL QURAN,70055594,TK,Swasta,Jl. Cihanjuang No. 34 RT. 001 RW. 015,Cihanjuang,Parongpong,-6.860900000000,107.562900000000,36,36,72,5,2
TK TERATAI,69917790,TK,Swasta,Kp. Cangkuang RT.03 RW.06,Cipatik,Cihampelas,-6.944800000000,107.512000000000,64,59,123,6,1
TK TERPADU KENANGA BATUJAJAR,69891574,TK,Swasta,Kp. Cicangkuang Rt.003/008 No. 11 Batujajar Kab. Bandung Barat,Giriasih,Batujajar,-6.900200000000,107.501200000000,31,35,66,3,0
TK TERPADU PELITA,20267540,TK,Swasta,JL.REPELITA 3 NO.90,Lembang,Lembang,-6.820300000000,107.624800000000,12,5,17,2,1
TK TERPADU SITI FATIMAH,69872159,TK,Swasta,Jl. Cisalak Rt.01/05,Ngamprah,Ngamprah,-6.839812500000,107.509765900000,6,6,12,2,0
TK TUNAS BANGSA,69917396,TK,Swasta,Jl. Drs. A. Manan No.21 Rt.01/14,Cipatat,Cipatat,-6.804278600000,107.423526200000,35,27,62,4,1
TK TUNAS HARAPAN KONENGSARI,70034294,TK,Swasta,Kp. Pasir Haur RT 003 RW 013,Bojongkoneng,Ngamprah,.000000000000,.000000000000,13,9,22,1,1
TK Tunas Inspiratif,70057071,TK,Swasta,Jln. SDN Babakan Cianjur RT 008 RW 004,Cihampelas,Cihampelas,.000000000000,.000000000000,1,0,1,2,1
TK TUNAS KARTIKA,69872156,TK,Swasta,KP. PAKEMITAN,Rajamandala Kulon,Cipatat,-6.832152000000,107.349166000000,2,6,8,1,1
TK TUNAS KARYA,20267541,TK,Swasta,KOMP.PTPN VIII,Rajamandala Kulon,Cipatat,-6.841886000000,107.354450000000,10,5,15,0,1
TK TUNAS KARYA MASWATI,20267543,TK,Swasta,PTPN VIII MASWATI,Kanangasari,Cikalongwetan,-6.758500000000,107.448000000000,20,24,44,1,1
TK TUNAS KARYA PANGLEJAR,20267544,TK,Swasta,JL RAYA CIKALONG WETAN RT.01 RW.04,Cisomang Barat,Cikalongwetan,-6.750800000000,107.417200000000,16,14,30,2,1
TK TUNAS MANDIRI,69989842,TK,Swasta,Kp. Cipeletek RT.03 RW.08,Cijenuk,Cipongkor,.000000000000,.000000000000,44,36,80,4,1
TK UI PLUS AL GHARBIYAH,20267429,TK,Swasta,JL. BUNISARI KULON NO 05,Gadobangkong,Ngamprah,-6.810993800000,107.506860800000,14,25,39,2,1
TK UMI KULSUM,70031375,TK,Swasta,Kp. Nagrog RT.001 RW.010,Ranca Senggang,Sindangkerta,.000000000000,.000000000000,9,8,17,3,1
TK UMMAH MARIAM,70015172,TK,Swasta,Jln. Nyalindung Kp. Cipadung RT 01 RW 03,Singajaya,Cihampelas,.000000000000,.000000000000,19,25,44,3,2
TK WIRAYA PGRI,20267549,TK,Swasta,JL RAYA SINDANG KERTA,Cintakarya,Sindangkerta,-6.991600000000,107.402900000000,13,12,25,1,1
TK WONDERLAND,20267550,TK,Swasta,JL. Manoko 127 Kp. Sukalaksana RT.04 RW.02,Cikahuripan,Lembang,-6.828448800000,107.610799700000,7,5,12,1,1
TK ZAHIRA,69872171,TK,Swasta,JL. WIJAYA C.98 BTN RT.02/03 BTN PUSDIKAJEN,Kayuambon,Lembang,-6.817400000000,107.626700000000,26,32,58,2,1
TKIT AL AMIIN ISLAMIC SCHOOL,70063993,TK,Swasta,Perumahan Bumi Citra Indah 2 Ruko Blok Flaminggo 2 Blok F No. 15 RT. 008 RW. 010,,Cihampelas,.000000000000,.000000000000,0,0,0,2,1
TKIT AL KUROMA,20279840,TK,Swasta,KP. PANYAIRAN RT.03/02,Cigugur Girang,Parongpong,-6.746389000000,107.574351700000,25,18,43,2,1
TKIT MUTIARA BELIA,70036847,TK,Swasta,Jl. Manoko Kp. Cibodas Rt. 06 Rw. 01,Cikahuripan,Lembang,.000000000000,.000000000000,10,8,18,1,1
TKK BPK PENABUR KBP,69971139,TK,Swasta,JL. PARAHYANGAN KAV. 10C,Kertajaya,Padalarang,-6.851657900000,107.459939600000,19,21,40,6,1
TKS AL KHOIRIYAH BANI YUSUF,20279849,TK,Swasta,KP. SINAR MUKTI RT 03 RW 04,Selacau,Batujajar,-6.931100000000,107.507000000000,21,14,35,4,1
TKS BINA HASAN CENDIKIA,20279838,TK,Swasta,Jl. Cihanjuang komp. Bumi Hanjuang B-32 Rt 02 Rw 11,Cihanjuang,Parongpong,-6.852600000000,107.571100000000,18,16,34,5,2
TPA AL HIDAYAH,69836103,TPA,Swasta,KP.KUBANG Rt 02 Rw 17,Celak,Gununghalu,-7.000800000000,107.361500000000,19,22,41,3,0
TUNAS BANGSA,69836083,KB,Swasta,KP. CIPEUNDEUY,Cipeundeuy,Cipeundeuy,-6.739300000000,107.356400000000,56,37,93,2,1
TUNAS HARAPAN,69836403,SPS,Swasta,TAGOG RT. 02 / 03,Ciptagumati,Cikalongwetan,-6.763200000000,107.472400000000,8,12,20,2,1
TUNAS KARYA,69835757,TK,Swasta,SUKAWANA,Karyawangi,Parongpong,6.784855000000,107.586748000000,0,0,0,null,null
TUNAS MEKAR,69836369,SPS,Swasta,CISARUA - PADALARANG NO. 208,Pasirhalang,Cisarua,-6.789760700000,107.496546700000,32,31,63,5,2
ULUL ALBAB,69836388,SPS,Swasta,KP. KIARAPAYUNG RT. 02 / 03,Cipada,Cikalongwetan,-6.733572900000,107.428604800000,11,16,27,2,2
UMI KULSUM,69835822,KB,Swasta,Legok Solo RT. 01 / 04,Mekarwangi,Sindangkerta,-7.017300000000,107.407200000000,8,10,18,null,null
USWATUN HASANAH,69836052,KB,Swasta,CIBITUNG RT. 01 / 06,Ganjarsari,Cikalongwetan,-6.754563000000,107.485988000000,16,13,29,3,1
